order_id,amount,created_at,customer_id,status
order_59A6B28CE62E47,1039.69,2026-07-04T09:00:00,cust_2e01b85b70,completed
order_6F14EF5575D144,7907.13,2026-07-30T21:00:00,cust_a3e301591b,captured
order_3F3D2AA5EA8942,1037.6,2026-08-15T09:00:00,cust_1f9239b432,completed
order_51050C5BEE9E43,1027.63,2026-07-01T23:00:00,cust_3f6ebb03f0,captured
order_0617800E8CB948,2126.91,2026-07-02T21:00:00,cust_349286e453,captured
order_D3E775816D154A,19215.32,2026-07-15T18:00:00,cust_fc0ecd6de4,completed
order_87706FDD01974D,606.19,2026-07-30T22:00:00,cust_ed0317e81d,completed
order_CD55CAEED36F4B,10612.51,2026-08-03T09:00:00,cust_6f9075bad4,completed
order_B0909494125448,806.55,2026-08-11T22:00:00,cust_e5a2c9cd38,captured
order_B8C8C466BB304B,1125.1,2026-07-28T19:00:00,cust_8ad8424a2d,captured
order_5B3BBF8357F64F,2221.81,2026-07-23T01:00:00,cust_df6b18047a,completed
order_1B4EE4BFB4CE40,1965.45,2026-07-03T16:00:00,cust_b6b027d43d,completed
order_DE5F6063A0D844,1516.0,2026-08-14T11:00:00,cust_d60b8f5b07,captured
order_2848CE2150B84C,5857.96,2026-08-12T20:00:00,cust_a649ec7037,completed
order_C142541E068B42,1696.78,2026-07-20T00:00:00,cust_fdfa74a9d2,captured
order_1A75FC55EC1046,17764.73,2026-07-18T04:00:00,cust_844b97bfe2,completed
order_B928F13E9E4241,1272.21,2026-07-27T12:00:00,cust_50be13446f,captured
order_FAE410D601F44E,536.41,2026-07-25T22:00:00,cust_f4630666e8,captured
order_5D25E0B65EE044,1590.05,2026-07-18T21:00:00,cust_1156db5d6b,captured
order_49AA4BC3ACCC47,88475.77,2026-07-09T22:00:00,cust_1c5e98939a,completed
order_5F3447F0259642,2732.18,2026-08-11T22:00:00,cust_bd1357b281,captured
order_07042BA8351043,1226.77,2026-08-02T22:00:00,cust_49ed31debc,captured
order_E40B6CE2161947,1288.1,2026-07-15T17:00:00,cust_e866df368b,captured
order_2256EA3FFBF54A,1928.53,2026-07-25T21:00:00,cust_a7ba33abcf,completed
order_CE44B82934BF4B,834.96,2026-07-20T18:00:00,cust_92b2cffac4,completed
order_265F9EC258274E,836.81,2026-07-05T09:00:00,cust_8a053b801e,completed
order_2E9089EA95CF44,72203.64,2026-07-15T10:00:00,cust_a32b122598,captured
order_F50DBC70515D49,2904.79,2026-08-12T06:00:00,cust_3cd193805c,captured
order_A8E663FCE48E42,2780.64,2026-07-06T01:00:00,cust_48a688dcb6,captured
order_EC9E51CE044A40,1044.36,2026-07-30T03:00:00,cust_4fa89410b5,captured
order_54E053A98DE34B,2125.39,2026-07-02T12:00:00,cust_bab272160b,captured
order_DA6AF38CD8B64B,15973.24,2026-07-11T03:00:00,cust_c44b96de2c,captured
order_321606EC988B47,10045.13,2026-07-14T11:00:00,cust_143838faca,completed
order_E17007FAC1DB47,18787.77,2026-08-03T02:00:00,cust_e3e2634441,completed
order_0AAD1351A2C644,140466.73,2026-08-03T03:00:00,cust_6e1c83cd85,completed
order_263E9B77D2DC48,1367.46,2026-07-07T22:00:00,cust_ae69e72737,captured
order_9181A06C4CEF4D,2684.17,2026-08-07T23:00:00,cust_6a5e033147,captured
order_997B470C037740,1326.44,2026-07-19T07:00:00,cust_ca2b5e2486,captured
order_8467B5F5E2814B,20761.56,2026-07-06T12:00:00,cust_0b3e39e336,captured
order_65310809A02943,1357.48,2026-07-23T22:00:00,cust_01750ee38d,completed
order_6CC63E8F529A4F,2896.25,2026-07-01T02:00:00,cust_842e75b664,completed
order_8A5F76BE91104E,675.63,2026-08-11T22:00:00,cust_e8dc54981d,captured
order_D4288AA693C745,196306.89,2026-08-01T15:00:00,cust_ce33bd6c67,captured
order_C3BA2814788C4C,2050.13,2026-07-05T00:00:00,cust_02bdb43add,captured
order_1BD376FF3D3542,2359.68,2026-07-19T17:00:00,cust_bdab2b48d7,captured
order_53C8ABE181FB46,1099.86,2026-08-05T17:00:00,cust_f89e2b1796,completed
order_C949E5E7B7764A,160607.68,2026-07-10T10:00:00,cust_c08815adc5,captured
order_B8BEA3B3E87541,19858.24,2026-08-06T11:00:00,cust_0f2be6c286,completed
order_E83ED234575249,833.61,2026-08-11T06:00:00,cust_42752ac470,captured
order_7C6F606AAA1945,9141.76,2026-07-28T23:00:00,cust_2fdd5570d2,completed
order_309496E7D2314A,200.1,2026-07-05T18:00:00,cust_a9f5f25267,completed
order_BC29BCF59FF24E,2284.08,2026-07-27T17:00:00,cust_199c0371bb,captured
order_B745E4DB3B6D44,21622.58,2026-07-24T02:00:00,cust_4653ac7626,completed
order_5210831E63C241,4680.13,2026-07-01T04:00:00,cust_56268115a1,completed
order_FD1AA3A091B54A,13950.3,2026-07-12T19:00:00,cust_256c0e44aa,completed
order_3850902220C546,2951.49,2026-08-10T17:00:00,cust_fe415efc69,completed
order_16791E16C84D4A,1858.31,2026-07-21T22:00:00,cust_9240d3bb85,captured
order_DAC39D41D1224B,753.65,2026-07-28T19:00:00,cust_d44b0b5b46,captured
order_3CFA3DC834AB4D,2944.87,2026-07-08T12:00:00,cust_3cf7164072,captured
order_09A8D516AB684D,9742.89,2026-07-17T07:00:00,cust_f91f2ace72,completed
order_F83C0E8FF29646,5720.39,2026-07-06T06:00:00,cust_dc3c38a96f,captured
order_568B7CE6488E40,1317.38,2026-08-11T00:00:00,cust_28923f6bcf,completed
order_FD7CB93C0C2543,2848.9,2026-07-30T17:00:00,cust_e39990690b,completed
order_B95A9C65A3A646,19054.1,2026-08-04T03:00:00,cust_126f408efe,captured
order_792DAE7962FB4C,132.65,2026-08-11T00:00:00,cust_e36a07f6af,captured
order_96F386DCCC1B40,502.01,2026-07-11T07:00:00,cust_90be4fb8f8,completed
order_1B8ED357A95D44,679.9,2026-07-01T23:00:00,cust_db677e12c8,captured
order_ACCA624A313F43,2504.41,2026-07-26T01:00:00,cust_2fe3d33f16,captured
order_B3757E05D8FF46,20370.22,2026-07-25T11:00:00,cust_0f7ecc316f,captured
order_6C2276C8A1B543,6513.39,2026-07-21T18:00:00,cust_3f62bd5a67,captured
order_8CBD4A60091246,133.75,2026-07-14T14:00:00,cust_6cd15ae561,captured
order_23BCBAE7976440,1976.11,2026-08-01T13:00:00,cust_b5d4757443,captured
order_21D500ED89424C,16490.76,2026-08-14T21:00:00,cust_e781fb8f35,captured
order_1607219C198541,666.43,2026-08-13T10:00:00,cust_84855a4212,captured
order_19B96A4533BF4E,1773.53,2026-07-18T20:00:00,cust_925fe9f78f,completed
order_7FCD1448DC2146,19155.03,2026-08-06T04:00:00,cust_ddbeb816a1,captured
order_0B4053BB6EF34F,7220.73,2026-08-13T00:00:00,cust_05e5045be6,captured
order_ADE87654389147,1203.52,2026-07-04T21:00:00,cust_37abd7b3fd,captured
order_EE2D2708936445,1480.07,2026-07-31T23:00:00,cust_98d9b89663,captured
order_7E58D47589D647,249481.36,2026-07-28T22:00:00,cust_aea4f90065,completed
order_28989478A33445,112715.4,2026-07-15T07:00:00,cust_7bcba42443,completed
order_17C50FD9E5CD40,2311.94,2026-08-06T04:00:00,cust_c2cba76016,captured
order_17CA81B20FB346,2075.18,2026-07-20T10:00:00,cust_7e8681eb79,completed
order_7A46FB2D955E4E,12279.96,2026-08-09T18:00:00,cust_2cb769d87c,completed
order_40E466FD594D40,75449.99,2026-07-05T20:00:00,cust_f177eeaa50,completed
order_433143FB28CD46,18656.25,2026-07-20T12:00:00,cust_9a69570fee,captured
order_B40735E39DE644,2190.72,2026-08-11T15:00:00,cust_b2cba2daf5,captured
order_B0FBA57863164E,2896.99,2026-07-09T16:00:00,cust_91db3a2537,captured
order_91E160FDB18A4D,1369.84,2026-07-27T05:00:00,cust_5d0bc62b95,captured
order_2B4B670BF32D44,2107.3,2026-07-16T08:00:00,cust_f560e170be,captured
order_13FB03C1876047,2083.37,2026-07-30T02:00:00,cust_4c2841bf50,captured
order_BCF882C04F2045,221.83,2026-07-29T05:00:00,cust_636c7ea668,completed
order_B5CCFAB6F5CA4D,347.55,2026-07-23T17:00:00,cust_fd8e9aeb97,completed
order_152DBD0347E942,1418.0,2026-07-21T08:00:00,cust_cae6c491f4,completed
order_83D3B048ADA947,911.21,2026-07-09T16:00:00,cust_9ef949c0bf,completed
order_197D6B79AE7C40,1017.54,2026-08-05T20:00:00,cust_87deda4439,completed
order_77E3EB8E5F914C,3543.53,2026-08-03T11:00:00,cust_af43a954cc,captured
order_67DCEE07C07241,2347.66,2026-07-20T02:00:00,cust_6c207ffd74,completed
order_0E4979DE0C8249,4786.9,2026-08-11T18:00:00,cust_d89ea7598b,completed
order_B2A3288F445F4B,12332.61,2026-07-07T06:00:00,cust_9ee5598ff7,completed
order_68AA4F910C5246,2032.36,2026-07-26T15:00:00,cust_db0ab1f4e7,completed
order_0F53A889484A48,1975.79,2026-08-11T04:00:00,cust_384e6c0023,captured
order_0D0734E31EA94F,6602.85,2026-07-20T03:00:00,cust_a0d71aceca,captured
order_093449EFED844A,1818.35,2026-07-25T15:00:00,cust_99c361f39b,completed
order_74A6AB01F2C341,19059.43,2026-07-17T21:00:00,cust_697a3f7bab,completed
order_88B1B942186B4B,113745.31,2026-08-01T10:00:00,cust_09c379d8ca,captured
order_D69FFA7B3D4543,1918.63,2026-07-03T09:00:00,cust_25b378dd6a,completed
order_5462BB58C8CC4C,18408.96,2026-07-04T05:00:00,cust_3bc79032fd,completed
order_FE7ECE1D3CFF4E,13058.31,2026-07-08T22:00:00,cust_31409b1d2b,completed
order_0A8128BF4A4045,590.79,2026-07-25T05:00:00,cust_fb6b6ad99e,captured
order_3FF8212550FB45,5253.4,2026-07-21T11:00:00,cust_244ee83123,completed
order_95FE7E0D5CEB4F,1997.18,2026-08-14T10:00:00,cust_e432641d61,captured
order_DF426D6495CC48,2905.51,2026-07-16T10:00:00,cust_a737417525,captured
order_F0F11364C8B349,18177.09,2026-08-15T09:00:00,cust_e3e146d614,captured
order_F2837BC5304848,2986.49,2026-07-10T20:00:00,cust_a984fc8269,completed
order_C7EB3FB2EF5349,917.69,2026-07-20T10:00:00,cust_0405a20ee6,captured
order_619C46A1A2FF43,982.58,2026-07-08T07:00:00,cust_9e9f72a505,completed
order_364C4BB25F4F4D,14102.01,2026-07-09T15:00:00,cust_a5714799e2,completed
order_7196A8C5BF5844,23544.03,2026-08-01T10:00:00,cust_128ecdfc34,captured
order_E179A677B0814F,706.36,2026-07-04T00:00:00,cust_88be9ee917,completed
order_69A656CDFC774E,2761.26,2026-07-03T07:00:00,cust_a94c1d75ab,completed
order_41DC7E2BE0B144,16874.34,2026-08-04T23:00:00,cust_3df41eb2b9,captured
order_E7C1EE052E2E4D,1508.19,2026-07-28T07:00:00,cust_6ab579d3ff,completed
order_3310A8700A874F,1648.69,2026-07-01T12:00:00,cust_7aa28b574b,captured
order_C82A7B3CCFEC4F,18417.39,2026-07-20T23:00:00,cust_5138203c6c,completed
order_C31E73FBFC264F,1459.34,2026-07-17T01:00:00,cust_20a336d2ef,completed
order_520BC6471FE845,2925.12,2026-07-03T12:00:00,cust_f424caa05e,completed
order_7EB2BE41E5AB45,483.27,2026-07-12T13:00:00,cust_673271549e,completed
order_AB4C0D898EEA49,1925.37,2026-07-05T15:00:00,cust_e685029efd,completed
order_B52C874B42584F,2954.91,2026-07-07T03:00:00,cust_29d9419837,completed
order_7F070A0BF1B346,2083.5,2026-07-23T20:00:00,cust_8ce758e27e,completed
order_601C6F1F55B44D,1824.41,2026-08-05T05:00:00,cust_bfc91c7e24,completed
order_F6DC3B037C434D,23606.73,2026-07-12T13:00:00,cust_b9da8f1cab,captured
order_07FB0DF043C24B,2351.64,2026-07-21T21:00:00,cust_ccaff51aca,captured
order_F2CCE6E1EF0E4D,179.83,2026-07-28T00:00:00,cust_a5b02df135,captured
order_BF95FE7807CE4B,238278.49,2026-07-05T21:00:00,cust_2b69c1ae09,completed
order_61A68BFF74FF4A,2982.17,2026-08-13T22:00:00,cust_8badbab436,captured
order_DEF82146F7CD40,40661.72,2026-07-07T21:00:00,cust_e40e3f5197,captured
order_55016A4C49184B,1276.01,2026-07-08T04:00:00,cust_2a7ca03105,captured
order_2D11481DD6AB4E,20609.91,2026-08-13T19:00:00,cust_3f0c52c93c,completed
order_D8730E36E90247,2027.3,2026-07-25T21:00:00,cust_372df6f0e2,captured
order_0CFEF896FF0E41,2057.94,2026-07-07T12:00:00,cust_a8fa7930e0,completed
order_B64AA89E2F5246,2878.54,2026-07-15T12:00:00,cust_7493dd4e19,captured
order_37108CB74B1E4C,20068.7,2026-08-12T21:00:00,cust_7f8ba04511,captured
order_F088C01E430D44,178089.69,2026-07-08T04:00:00,cust_7a476b8a91,captured
order_625112D695F040,1508.18,2026-07-10T04:00:00,cust_05c610cef2,captured
order_B567FCB4488D48,162800.89,2026-08-10T21:00:00,cust_22790c43a1,captured
order_699CCA81572047,2114.61,2026-07-07T23:00:00,cust_e57aff6f89,captured
order_5459CC2F1E3A4F,41423.16,2026-08-07T02:00:00,cust_ab90cab98b,completed
order_996E8F15BF1A4B,325.66,2026-07-18T07:00:00,cust_f1ba611b4c,completed
order_AD6552D43B1341,2624.52,2026-07-24T05:00:00,cust_8319929798,captured
order_52175719F7804F,2058.3,2026-07-30T12:00:00,cust_d330258d19,captured
order_B293A1D0AB8946,13351.8,2026-08-10T18:00:00,cust_f88822b21a,captured
order_984B7D20047B46,77336.33,2026-08-09T03:00:00,cust_590e164faa,completed
order_2824B29329594B,355.74,2026-07-11T22:00:00,cust_c93b627871,completed
order_242F92205F524F,933.13,2026-08-15T02:00:00,cust_ed38e9bbe2,captured
order_A002E60852A84D,742.47,2026-07-21T00:00:00,cust_d2447876f1,completed
order_16C49AEC777C4F,314.61,2026-07-18T17:00:00,cust_4026a2302d,captured
order_8B5EAAA5D9F542,466.78,2026-07-05T08:00:00,cust_9a74596f32,captured
order_0C50EE264B0943,19188.42,2026-07-04T22:00:00,cust_1bcefc3ee8,captured
order_9731039D336743,984.6,2026-07-12T11:00:00,cust_f45f6a92ee,captured
order_02574A2A1BA74C,2713.92,2026-08-11T11:00:00,cust_9c80766971,completed
order_6BB1F58DEB014D,24434.89,2026-07-10T17:00:00,cust_294a055afc,captured
order_21BA8A2C9B064E,13870.57,2026-08-06T18:00:00,cust_9b1a4a36f7,captured
order_4C38F1C8549D4E,2912.79,2026-08-03T18:00:00,cust_44852aca41,completed
order_E1B6563EB84044,188488.39,2026-07-04T16:00:00,cust_f9f0c83efc,completed
order_02BBFD5BCDE245,2980.94,2026-08-06T04:00:00,cust_fa43b9a231,completed
order_4D2E9F322CBD4F,2227.06,2026-07-27T11:00:00,cust_9814c12144,completed
order_DC423039CA944D,24695.02,2026-07-31T01:00:00,cust_67d34b2fce,captured
order_A41522D6AB6F4C,1328.11,2026-08-14T13:00:00,cust_3cbd38d3bd,completed
order_288ECAF791C549,2093.8,2026-07-30T07:00:00,cust_77e0f137cf,captured
order_AEBF9734E62E4D,642.21,2026-08-12T02:00:00,cust_e04dd9113f,completed
order_19B48BA8503D4C,15666.7,2026-08-06T12:00:00,cust_644b6c6832,completed
order_715652D053DE4A,925.7,2026-07-25T01:00:00,cust_7f815c72f9,completed
order_AF507F3C1CD844,2029.04,2026-07-12T12:00:00,cust_514b6cca62,completed
order_29564C574F5047,1059.32,2026-08-07T18:00:00,cust_b94aa04782,captured
order_DE735421A9C14A,964.88,2026-08-04T05:00:00,cust_126f913805,completed
order_79E89D6CDD9948,17463.23,2026-07-29T01:00:00,cust_fa9589c292,completed
order_6A777A1837C74F,180.74,2026-07-07T22:00:00,cust_9aeebce7c6,completed
order_841FAAF0171942,126.25,2026-07-30T09:00:00,cust_8db1d1938d,captured
order_6B8D3CFF9B2545,1602.74,2026-07-11T10:00:00,cust_50d2f35d83,completed
order_A0B77903A35742,16835.97,2026-07-10T07:00:00,cust_0005bd80b1,captured
order_E3A6A06237C240,1545.6,2026-08-03T23:00:00,cust_9fcd25903f,captured
order_4FCB42DE59314F,586.65,2026-07-10T05:00:00,cust_54a2d361d9,captured
order_2AD0C27E866948,3196.46,2026-07-03T18:00:00,cust_cbfe8c6d67,captured
order_DD13E92F21B04F,19407.71,2026-07-15T10:00:00,cust_14683257e8,completed
order_194F6F40C92241,2202.14,2026-07-09T00:00:00,cust_e0fb36e22c,completed
order_9A9787E089DE4D,2833.44,2026-08-15T10:00:00,cust_0589958322,captured
order_4B2301BB620E4F,2568.79,2026-07-30T13:00:00,cust_f5e948b0d1,captured
order_F568953893E048,609.71,2026-07-10T02:00:00,cust_3104300043,captured
order_69FD7020D2C549,9501.93,2026-07-04T07:00:00,cust_9fb8b83ff4,captured
order_5F9A2C96253544,1282.95,2026-07-20T12:00:00,cust_d00cc46fe9,completed
order_29640B6BAC4B4A,17474.27,2026-08-03T19:00:00,cust_3e7b2cd163,captured
order_87580B7DC3F04C,1538.71,2026-07-06T07:00:00,cust_ca6e100905,captured
order_655566648F324B,1739.39,2026-07-21T12:00:00,cust_09185eac50,completed
order_446388A703DA42,1268.77,2026-08-14T17:00:00,cust_03a9ca0567,completed
order_08AE079E032646,116.71,2026-07-10T18:00:00,cust_5eb40f04b1,completed
order_493F63761A7E43,3755.57,2026-07-21T09:00:00,cust_368b839f22,captured
order_FA56A2ECAE7443,20171.29,2026-07-07T23:00:00,cust_e8139c0a7d,completed
order_231FEBA431C742,2761.34,2026-08-03T04:00:00,cust_b15a22a3d6,captured
order_E7CBBE4D348648,17795.45,2026-07-19T17:00:00,cust_a5838639ee,completed
order_67FB9767BC2D41,1332.5,2026-08-14T04:00:00,cust_c2a2045f73,completed
order_22ECF9B4A1C741,155156.72,2026-07-15T23:00:00,cust_d215d525d8,captured
order_4DB30B115B1241,807.26,2026-07-16T20:00:00,cust_949e6810b5,captured
order_FED212AFD19A43,592.31,2026-07-25T05:00:00,cust_6dc52db7e8,captured
order_41E271CD116F42,671.88,2026-08-03T16:00:00,cust_5a76aa3e3d,completed
order_9ED71AD326144C,1198.87,2026-08-05T15:00:00,cust_3efcd3799a,completed
order_85619ADE11F34B,827.67,2026-08-02T14:00:00,cust_5a2d6048f8,completed
order_604F32ADDFF441,24780.69,2026-07-20T18:00:00,cust_db14461c0b,completed
order_03F8855D2EFB4F,7242.6,2026-07-02T17:00:00,cust_3079d3f304,completed
order_382280D5F73F49,13749.66,2026-08-11T23:00:00,cust_37bdd48229,completed
order_11C70188121A45,24011.96,2026-07-18T23:00:00,cust_a81bcc83d6,completed
order_4986F9FFC9BE47,119742.32,2026-07-14T07:00:00,cust_44db7f903d,completed
order_1D4A5D14ABA64E,1710.79,2026-08-14T22:00:00,cust_1833634f00,completed
order_9460A06E4BE845,945.48,2026-07-05T22:00:00,cust_cebe486d02,captured
order_C1015362CC5D42,2677.85,2026-07-09T16:00:00,cust_9a748de27b,captured
order_263C22C8964042,119.69,2026-08-10T12:00:00,cust_a7953ede3e,completed
order_6A93D6E08EDA43,17967.52,2026-08-08T02:00:00,cust_cb23c21b3a,completed
order_768C832768B642,717.15,2026-07-17T04:00:00,cust_69d299d5b0,captured
order_5DBE0D40AD4D43,949.84,2026-08-15T12:00:00,cust_d5fde9b506,captured
order_D9A1365F97DA48,1980.07,2026-08-10T19:00:00,cust_c9f62b4301,completed
order_72B4EB7D9D7E4C,20775.84,2026-08-08T03:00:00,cust_5bd6167d4e,completed
order_7B3E292A776D48,2265.53,2026-07-21T19:00:00,cust_7ea41bebf0,completed
order_51EB28BD80074B,2849.54,2026-07-30T23:00:00,cust_33920fecf2,captured
order_D4AB0F8EC14647,1034.02,2026-07-07T15:00:00,cust_ee3d145082,captured
order_1C80F2B91D1F44,1906.37,2026-07-05T21:00:00,cust_557135acb0,captured
order_F4ED3C3597DD44,2280.37,2026-07-24T12:00:00,cust_b09416b7be,completed
order_D88E0928AF4244,912.04,2026-07-17T21:00:00,cust_eeb39cf705,completed
order_B33A9AF596C94A,456.16,2026-07-25T11:00:00,cust_a8b565b206,completed
order_6BCA094013C147,2484.01,2026-07-24T03:00:00,cust_46db07ecac,captured
order_4509A45AA2244A,220143.04,2026-07-11T07:00:00,cust_df90c05166,captured
order_CD97649DBFE04D,2150.62,2026-07-13T04:00:00,cust_f9d45fb806,completed
order_7B06482C800743,93555.51,2026-07-23T06:00:00,cust_4ecbead752,completed
order_2F1BD06125C949,206524.33,2026-07-16T01:00:00,cust_2964839b7b,completed
order_E039B35545F144,2096.61,2026-07-11T22:00:00,cust_1183bdd27f,completed
order_AB2803E4F20A4E,18023.22,2026-07-16T06:00:00,cust_b499f6f785,captured
order_3D6FD809542442,635.58,2026-07-12T06:00:00,cust_22a51e56d8,captured
order_8DCFFE5DFBFE47,2924.35,2026-07-08T11:00:00,cust_861b60adb2,captured
order_E084C470699049,1193.91,2026-07-23T06:00:00,cust_57cca58bef,captured
order_32256E1A44AA42,1316.73,2026-07-21T20:00:00,cust_a0e7507c85,captured
order_676D79656D4D49,2438.71,2026-07-07T16:00:00,cust_3013b8f3c5,captured
order_9D3A6E06A6EB4B,1603.51,2026-08-07T22:00:00,cust_89bbe0b591,captured
order_8403226E2B664F,1928.03,2026-07-05T22:00:00,cust_8308644e0d,captured
order_DFDE7ED5F0A243,2727.73,2026-07-20T19:00:00,cust_098e7e2817,captured
order_92B8567102094A,2761.29,2026-08-15T06:00:00,cust_b69ed9d859,captured
order_9DE0CC662A9742,2241.51,2026-07-09T17:00:00,cust_d12db29a53,completed
order_4CDE1FCD4C384E,176.76,2026-07-31T20:00:00,cust_cf17585b1f,completed
order_D0D322DBE9F946,2609.01,2026-07-01T15:00:00,cust_24ff95f7b6,captured
order_C577D59ECE3C47,20613.04,2026-07-07T07:00:00,cust_26f9b84268,completed
order_CD4DC90BC45B4E,208017.8,2026-07-18T09:00:00,cust_7ed959c452,captured
order_81437A8468ED43,6658.84,2026-08-01T15:00:00,cust_5508f47ab7,completed
order_813E0AB37DF845,12002.64,2026-07-17T19:00:00,cust_b8d4303451,completed
order_AB419AC5FE774A,3830.44,2026-07-22T19:00:00,cust_0b27072955,completed
order_300B29E738E341,619.38,2026-07-01T22:00:00,cust_8d67ddb9ee,completed
order_28019F64DD4948,1003.82,2026-07-29T07:00:00,cust_81c7dd5e6a,completed
order_D35FC31ABE0447,1183.08,2026-07-06T03:00:00,cust_42fe3789ba,captured
order_50E4FA392A7246,1697.67,2026-07-25T06:00:00,cust_7a87239c5e,completed
order_7A2119419DE341,1291.71,2026-08-01T23:00:00,cust_9e704da733,captured
order_F2CD912C916141,1382.26,2026-07-11T23:00:00,cust_5876d64ee0,completed
order_AA25738989AB46,543.07,2026-08-14T21:00:00,cust_d24c040610,completed
order_F287A236CB7E42,2069.6,2026-08-04T10:00:00,cust_eea4f7d3c9,completed
order_44F76CB594034C,386.13,2026-07-03T07:00:00,cust_bfe01ba5f5,completed
order_699569C95E9441,185.83,2026-07-12T10:00:00,cust_9df1db4a1b,completed
order_5C1C04EAA1654C,20504.45,2026-07-27T21:00:00,cust_289c7fe78a,completed
order_54392A2495824C,7638.7,2026-08-02T10:00:00,cust_928bb71ec6,captured
order_8A211DCC3A4E41,2433.75,2026-07-20T22:00:00,cust_034d93537e,captured
order_1B61C30AFEED49,1371.65,2026-07-21T20:00:00,cust_9777bd5b30,completed
order_BCCA0703D26C40,2127.89,2026-07-08T10:00:00,cust_bd6dcc9f82,captured
order_7AEA58C26DED41,8904.7,2026-07-16T02:00:00,cust_07c788c2a3,captured
order_83C1F473316A47,21494.05,2026-08-05T05:00:00,cust_45ffb08be4,captured
order_0F39732541844B,1979.07,2026-07-31T03:00:00,cust_c9deb83c5a,captured
order_A87C5A7169CB40,2586.19,2026-07-29T14:00:00,cust_c0f7986ce8,completed
order_ECB0160DE5D849,20324.45,2026-08-09T00:00:00,cust_700b25ee4b,completed
order_D1DE32F0C20941,2168.87,2026-08-11T03:00:00,cust_81b85f8206,completed
order_380115A9B9434D,2076.99,2026-08-12T03:00:00,cust_18984151d6,completed
order_28C09FFE27434A,13477.57,2026-07-29T02:00:00,cust_62050e5ff5,captured
order_B98911F607B34B,2204.37,2026-07-15T13:00:00,cust_74330123a0,completed
order_749F0BF7CFE54B,610.56,2026-07-12T22:00:00,cust_025e45927e,completed
order_F32CA999854B41,17320.17,2026-08-05T23:00:00,cust_aedcf7d648,captured
order_13A276DCA56C44,1566.29,2026-07-22T00:00:00,cust_79f8f0672e,captured
order_0F79834757BA4B,892.14,2026-07-17T18:00:00,cust_331e04b8a6,captured
order_FEE35C82E0F846,131553.4,2026-07-08T09:00:00,cust_635b2363ee,captured
order_1F9E91D00B4C43,2269.02,2026-08-14T02:00:00,cust_1753e8493a,completed
order_DDFA70432E5F4C,205.0,2026-07-25T22:00:00,cust_e279a5a3d1,completed
order_13E1F91ECD394B,2373.38,2026-08-03T15:00:00,cust_0142590e51,captured
order_2A25B749EB2F44,2937.22,2026-07-08T09:00:00,cust_135cc7f473,captured
order_FB28741FD0D84E,6854.2,2026-08-03T20:00:00,cust_61c628468a,captured
order_5CA2ECDD06D94D,2430.3,2026-07-09T03:00:00,cust_d28323f481,completed
order_42E1F3FE894748,454.65,2026-07-05T14:00:00,cust_a4c31c489f,completed
order_62864EC966E949,140619.96,2026-08-10T05:00:00,cust_1efa40828b,captured
order_F6BA0861481942,15327.61,2026-07-23T11:00:00,cust_beafb64754,captured
order_A59343912C2242,1966.23,2026-07-20T03:00:00,cust_1dc090bb17,captured
order_9C0869EC3C0849,463.16,2026-08-06T13:00:00,cust_3a8875451d,completed
order_B768DB440C5E4D,1362.48,2026-07-11T02:00:00,cust_ec938292a2,completed
order_2CB7195A24D145,2244.26,2026-08-14T23:00:00,cust_d6d9f6043a,completed
order_2198AD73B8C543,155315.57,2026-08-04T01:00:00,cust_a22f87d94e,captured
order_3C678C8A977549,918.76,2026-08-13T03:00:00,cust_bad96502df,captured
order_C1CA3A42EA674A,200245.71,2026-07-30T16:00:00,cust_398978db9a,completed
order_37E25089539D43,177.6,2026-08-11T13:00:00,cust_8f9a6037e9,completed
order_9029E6D92F2F42,842.23,2026-07-27T15:00:00,cust_116cc451ea,completed
order_A31C52606FAB4B,604.43,2026-08-05T07:00:00,cust_81bc011c7b,captured
order_E368A22F71CA49,335.59,2026-07-29T21:00:00,cust_6c5b0e22fa,captured
order_1EE33DEC4CA04D,160.68,2026-07-02T20:00:00,cust_b2cc2683b5,captured
order_7BB24EDBB0DC4D,146978.04,2026-07-12T15:00:00,cust_86ac970883,completed
order_AA2A888B244B42,424.47,2026-07-03T06:00:00,cust_c9618a5e72,captured
order_1E2482AE052C4F,21816.45,2026-08-09T19:00:00,cust_17b7122ae4,captured
order_ECB917CA741545,1926.06,2026-07-16T22:00:00,cust_ede776e38a,captured
order_3329B049EB7C4A,388.91,2026-08-10T19:00:00,cust_87ae7d7fba,captured
order_F2AD53CB48A94C,15254.49,2026-07-10T22:00:00,cust_73d1a9bd03,completed
order_582E04C833364D,5494.36,2026-07-12T14:00:00,cust_892c37b13e,captured
order_D3B8A45FE70D4E,221.56,2026-07-31T11:00:00,cust_93bd93c9e7,captured
order_729B1EB0560249,2378.91,2026-07-26T01:00:00,cust_023777bb6d,captured
order_03F63D62C70343,414.05,2026-08-06T14:00:00,cust_d2b124b64e,completed
order_826C8F0DC89542,792.59,2026-07-31T06:00:00,cust_75b2f1e4b7,captured
order_A5553A91477849,2546.74,2026-07-05T17:00:00,cust_9d8c5951c5,completed
order_592C332B2A684D,2808.68,2026-08-02T15:00:00,cust_95f3512fd4,captured
order_DADA571C271243,2082.54,2026-07-27T02:00:00,cust_c962083618,captured
order_85B3BE77EEC242,2907.16,2026-08-11T06:00:00,cust_91f7f35302,completed
order_31B7A29510C94E,23430.37,2026-08-10T20:00:00,cust_62237a36fe,captured
order_7D13738ECE6348,1445.23,2026-08-10T21:00:00,cust_bd8adbe8c6,completed
order_2B2FD2866DDF44,21636.93,2026-07-06T17:00:00,cust_a99a42bdd0,captured
order_8C8D7420898646,350.54,2026-08-12T03:00:00,cust_69a5697ea5,captured
order_5492F3A359AC47,1658.82,2026-07-03T17:00:00,cust_4d71096eac,completed
order_D9B077F257984A,2260.06,2026-08-01T13:00:00,cust_38255021cd,captured
order_16B80A68F56347,1056.85,2026-07-31T03:00:00,cust_81fa4aeafd,completed
order_8907A8CB5F9E49,111246.19,2026-07-03T17:00:00,cust_f749953c9c,captured
order_3F390045947C44,4565.95,2026-07-15T08:00:00,cust_301b11d6cc,captured
order_931D0608E5244B,10542.66,2026-07-06T04:00:00,cust_5a39b1d1be,captured
order_44C5FDC8F6444E,1077.3,2026-08-13T12:00:00,cust_c028f2e388,captured
order_8230BDD2C32247,613.52,2026-08-09T19:00:00,cust_8a26d9a9bd,completed
order_1E4EBCF92FC544,2324.51,2026-08-08T15:00:00,cust_8ec56b89bc,completed
order_D9DAD429A8604D,873.24,2026-08-13T20:00:00,cust_c30a34a1a0,completed
order_0734C59913C042,478.61,2026-08-07T01:00:00,cust_0dd91d5db7,completed
order_F67542025F664D,2292.91,2026-07-20T06:00:00,cust_0f166f8d2a,completed
order_D590AEE0F66549,1028.93,2026-07-20T04:00:00,cust_cdf874b753,captured
order_D0968B2D7E944A,2870.68,2026-07-31T08:00:00,cust_3b3cc66a5c,completed
order_48E1E73BFBAD41,1190.38,2026-07-30T01:00:00,cust_2555318c4e,completed
order_183144286BF442,1895.21,2026-07-27T21:00:00,cust_e56c3deace,captured
order_84FCA04B9E2A4F,11917.93,2026-07-24T20:00:00,cust_979a34c9d8,completed
order_37BE5ACFC5E046,2054.64,2026-08-04T12:00:00,cust_c88d4327ef,completed
order_29FE1C29E26546,562.18,2026-08-13T16:00:00,cust_62c467b7a4,captured
order_C4F11EC240BC46,702.89,2026-08-14T18:00:00,cust_d64edf83e0,captured
order_FF57AC43827840,82985.84,2026-07-02T13:00:00,cust_407b2f540d,completed
order_BB5BC0FE7B9E4A,2918.9,2026-08-11T02:00:00,cust_9c15676922,completed
order_B3B31B956B1E41,696.64,2026-07-07T19:00:00,cust_95838d59ea,completed
order_C7505EA9F2EA40,1187.74,2026-07-12T21:00:00,cust_92a12b93e7,captured
order_728FC62300D34C,10177.53,2026-07-29T08:00:00,cust_e707361dda,completed
order_8C9CDD30AC5B44,2245.24,2026-07-14T12:00:00,cust_1873552a7c,captured
order_6108362E07CD4E,632.27,2026-07-02T04:00:00,cust_fe1721b70d,completed
order_2858D63E2AC340,23531.5,2026-07-18T04:00:00,cust_d8d722ecf9,completed
order_28A45FE21E8D4B,1109.87,2026-07-06T14:00:00,cust_5379f79593,completed
order_A3477B63302B4F,12800.62,2026-07-04T14:00:00,cust_abb8f030bd,completed
order_B056622CD6E44C,468.31,2026-07-15T00:00:00,cust_d56d608a6a,captured
order_6C6A8DDEACBD44,2352.61,2026-07-25T12:00:00,cust_d0dc8484d7,captured
order_43EB41D2758248,3952.98,2026-07-04T17:00:00,cust_1207cfe387,captured
order_C5EAEC2CED6B4B,961.23,2026-08-06T12:00:00,cust_c9d6ef32e3,completed
order_59DB56AAC30A40,230300.8,2026-07-06T20:00:00,cust_1fdb3b3a30,completed
order_CEC861662BE341,17593.36,2026-07-22T11:00:00,cust_c989ad1ca7,completed
order_878977712B104C,4570.46,2026-07-31T05:00:00,cust_411ea9d868,captured
order_2C1D6D07BED643,2879.36,2026-07-07T21:00:00,cust_23c18c1d58,captured
order_11EAF39E408240,2088.68,2026-08-01T22:00:00,cust_af26a12bf8,captured
order_DDB1260FA31442,877.89,2026-07-24T00:00:00,cust_c01b23d8ab,captured
order_3E06F6ED01ED4B,2190.54,2026-07-04T08:00:00,cust_5d7e793f84,completed
order_4FE7E63700AE49,1458.34,2026-07-30T10:00:00,cust_79cd1c2977,captured
order_CCDE336CD9054A,1533.6,2026-07-25T19:00:00,cust_d4d1373cf6,captured
order_A0C9BE4E1CF841,19554.17,2026-07-06T03:00:00,cust_f76e801adf,completed
order_5AA4711C7D3E4E,17247.91,2026-08-07T17:00:00,cust_df3ee018bb,captured
order_7CA3286AA16C41,1812.41,2026-07-30T20:00:00,cust_c6f0626f00,captured
order_7BDFB921DDA841,1266.27,2026-07-18T16:00:00,cust_9b623a28c8,completed
order_CFA5C62C0BAF47,2783.17,2026-08-04T21:00:00,cust_e5c9b2bfe1,captured
order_2AEBAEF2E1FF40,10702.51,2026-08-05T11:00:00,cust_14bf762579,captured
order_B34BFD3A65994C,2339.39,2026-08-01T17:00:00,cust_b99c1d9fa5,captured
order_9EB06CAA8FFD4E,2740.29,2026-07-07T06:00:00,cust_7ad4699292,completed
order_AD27067B2D3E49,653.06,2026-07-16T23:00:00,cust_57b1fd43eb,captured
order_E155879EA46A49,422.43,2026-08-12T00:00:00,cust_08c3d57cf9,captured
order_3FACCEF619524E,1558.19,2026-07-22T03:00:00,cust_d230c4b2af,captured
order_C238694D28CD40,1354.77,2026-07-02T12:00:00,cust_1d821b6e27,completed
order_D7373BCB1B7E4F,2772.25,2026-07-18T19:00:00,cust_de52b61954,captured
order_4623E42FE8E34D,2861.59,2026-08-03T22:00:00,cust_1776e0e6a4,captured
order_EEBE346A3A5546,1799.51,2026-07-15T10:00:00,cust_a9a9d298e8,captured
order_F5EC424F54294A,182867.71,2026-08-04T19:00:00,cust_52523937ce,completed
order_AD2A834312604F,3187.75,2026-07-20T09:00:00,cust_1ffb959e13,captured
order_926CE989273046,649.59,2026-07-25T13:00:00,cust_3835bcd8bd,completed
order_D7336FF820C747,2948.83,2026-08-13T05:00:00,cust_15f916da40,completed
order_0A968C6DFF264D,482.35,2026-07-06T15:00:00,cust_813210a572,captured
order_CE1182EACAB942,970.19,2026-07-16T16:00:00,cust_8493c36e87,completed
order_0535C59242684F,5489.77,2026-08-07T22:00:00,cust_141164ec6e,captured
order_95AA51A8423540,21496.93,2026-08-03T23:00:00,cust_16b1a14e16,captured
order_7A38AEBD2D534D,159602.21,2026-07-03T00:00:00,cust_61c6ee7046,captured
order_98BCFA7480FF43,2437.82,2026-07-22T03:00:00,cust_baaf96ad2c,completed
order_13FBEDD0DBB743,1246.51,2026-08-09T12:00:00,cust_70e55e3ddf,captured
order_62242CAD900442,11744.86,2026-08-13T17:00:00,cust_0904871b33,captured
order_D53422DED6C24A,1173.39,2026-07-13T14:00:00,cust_d1d3b03749,captured
order_9C9259E2BECD45,2248.57,2026-08-05T22:00:00,cust_18e3303699,completed
order_3C40204EEBC349,12736.62,2026-08-02T13:00:00,cust_1e34170fb9,captured
order_D970430AC3544B,10161.55,2026-07-29T07:00:00,cust_fc32e0a8ad,captured
order_86A354D4AC2443,805.64,2026-07-09T18:00:00,cust_5fa3e33b2d,completed
order_B10D5ACB48AE45,2211.81,2026-07-16T16:00:00,cust_497da0c3be,completed
order_4695D8E1EDA04B,140815.71,2026-08-13T11:00:00,cust_8ae4b8f060,captured
order_17B23B1946A94B,2315.74,2026-07-26T16:00:00,cust_4d4d2b8c8b,completed
order_3B4B7883669549,2862.17,2026-07-15T06:00:00,cust_6d1c6cf0d4,completed
order_DA04481ECF4241,1844.23,2026-08-03T06:00:00,cust_001c7966ae,captured
order_01D37B17DBC14D,712.03,2026-07-27T23:00:00,cust_26b5b379c1,completed
order_0E55787200AD4D,4733.0,2026-07-25T00:00:00,cust_6675009e63,captured
order_2496296707FC43,2151.1,2026-07-29T16:00:00,cust_d427150c5e,captured
order_5F4AC02B0B184A,2564.31,2026-08-04T12:00:00,cust_8e5839da27,captured
order_C78F69AC792746,1487.09,2026-07-11T09:00:00,cust_01f075cf13,completed
order_F8E11E10883F41,2859.16,2026-07-11T00:00:00,cust_fc92b51834,captured
order_1DC93B20E7D844,1556.18,2026-08-13T14:00:00,cust_bf6a926f75,captured
order_37D68891D7B84D,2116.91,2026-08-09T01:00:00,cust_9f4d3967f9,captured
order_1F433E3747AB41,16810.38,2026-08-04T19:00:00,cust_1fe38ef775,completed
order_104D65F08AAE40,678.87,2026-07-15T02:00:00,cust_f771c0bd19,captured
order_E80E7C0EA93444,1717.45,2026-07-15T09:00:00,cust_8f4e067f9e,captured
order_32FE33E0E94241,17386.23,2026-08-05T13:00:00,cust_015e4de431,completed
order_11E4661194AC4B,212704.69,2026-07-31T03:00:00,cust_f95b1a7abd,captured
order_74FB43CA296847,1498.35,2026-08-01T22:00:00,cust_950bbbc7dc,captured
order_4CE9B24B02FE47,2817.73,2026-07-03T04:00:00,cust_fe868350d2,captured
order_68ABC3A0019645,2614.49,2026-08-11T12:00:00,cust_fa25a6c4b9,captured
order_00C753159D7E42,20964.29,2026-07-30T15:00:00,cust_dc58c6737f,captured
order_C383F668B4DC48,2483.14,2026-07-26T15:00:00,cust_2564a3cf02,completed
order_5DBF724CE19E4F,1660.99,2026-07-17T23:00:00,cust_d5618f35b4,completed
order_7B3D338282E84B,2279.34,2026-07-23T04:00:00,cust_b715115428,captured
order_8D2E83C34E714B,69609.9,2026-08-14T05:00:00,cust_7d974fcae2,captured
order_DBE0E3842B7345,1118.57,2026-08-07T01:00:00,cust_1322022e56,captured
order_CC1FD40F048645,566.96,2026-07-02T19:00:00,cust_de890beb8e,captured
order_733D05DDF71449,32956.8,2026-08-15T23:00:00,cust_821042e768,completed
order_DF15F0E43A0743,1749.63,2026-07-27T04:00:00,cust_034c40280c,captured
order_A506B2DE3E4A4D,2020.37,2026-08-12T03:00:00,cust_1f378521a9,completed
order_8C98C6B317154B,2187.1,2026-08-08T04:00:00,cust_a5e6a7addb,captured
order_0ADC7F422D884B,1661.97,2026-07-25T06:00:00,cust_d4750aa67e,captured
order_7F202DB108E646,1016.51,2026-08-15T05:00:00,cust_5a447c9085,completed
order_28E3C6B218A348,1585.19,2026-08-09T10:00:00,cust_5d8387caef,captured
order_EF5A94C32A9045,86866.57,2026-07-14T07:00:00,cust_e97f3672a7,completed
order_5E9F7DF3F8624F,126.54,2026-08-02T22:00:00,cust_2c4e17c566,captured
order_B5A321B6E7EF40,5281.69,2026-08-07T15:00:00,cust_7d3a4ab274,completed
order_DA5F0351DE4E48,1330.05,2026-07-28T19:00:00,cust_51b64edff0,completed
order_4702361556E54E,2457.94,2026-07-21T14:00:00,cust_5c14c87066,completed
order_92290C238E0149,570.26,2026-08-09T23:00:00,cust_703d947da2,captured
order_5709EF78501847,2137.28,2026-07-18T09:00:00,cust_887d5e1e25,captured
order_0EE68B4C02E94A,549.62,2026-07-30T17:00:00,cust_917b66bd5f,completed
order_E6ACF1E423FD45,1123.77,2026-07-05T05:00:00,cust_a3d6894234,captured
order_B1B82F9E2C874D,1420.19,2026-08-13T20:00:00,cust_7dadef524c,completed
order_974A3CC77D284D,1324.96,2026-08-02T03:00:00,cust_ccf73304f0,captured
order_DB32DE4F137E43,17175.41,2026-07-30T09:00:00,cust_791782f61c,completed
order_2AF3758ACFAF4A,650.07,2026-07-08T23:00:00,cust_0aeb66d602,completed
order_A6D32A31EEB84D,89975.62,2026-07-12T03:00:00,cust_1d3e5b4ec7,captured
order_B001638C6AAC4A,966.62,2026-07-19T08:00:00,cust_557827c824,completed
order_E1C48BE579FA48,120396.32,2026-08-02T23:00:00,cust_6ce37d346f,captured
order_F1EF403B77CB4D,1402.26,2026-07-24T02:00:00,cust_12c1549476,captured
order_F40C614FDD0145,2942.95,2026-08-11T00:00:00,cust_938ea112f2,completed
order_B5BD300A1D4844,749.3,2026-07-13T04:00:00,cust_17b6d64f03,captured
order_A11851CE56B24C,6362.51,2026-07-11T21:00:00,cust_1625a13000,captured
order_9D870A09DEE84A,1580.27,2026-07-04T15:00:00,cust_e5ab4842b7,captured
order_2A6F85E6D78D40,1417.28,2026-08-04T04:00:00,cust_85554e86eb,captured
order_072512AC683D4A,4141.32,2026-07-16T19:00:00,cust_ee40540a18,completed
order_2A4D6B22EE4F41,14551.61,2026-07-20T07:00:00,cust_106114c487,completed
order_BF1B3B4039284C,12472.94,2026-07-21T19:00:00,cust_c9a308a6fc,captured
order_5F21BEF2707343,14350.01,2026-07-08T09:00:00,cust_c854df4717,captured
order_AC7A907D86814F,134.84,2026-08-13T16:00:00,cust_7fa25e8ee5,captured
order_0C4134B3B71947,344.91,2026-08-02T21:00:00,cust_d9822397c2,completed
order_90A82471E8034E,2093.53,2026-08-01T15:00:00,cust_07a913b11d,captured
order_C052239B9E6E44,410.24,2026-07-23T12:00:00,cust_108cdccf96,captured
order_963DD864F33A44,126585.23,2026-07-09T08:00:00,cust_eeff943831,captured
order_813E9132EA1B4C,749.51,2026-07-15T13:00:00,cust_deecc67847,completed
order_823995A3727C40,8272.87,2026-08-05T12:00:00,cust_7475f53ad9,completed
order_92F4C79ED21D40,2698.87,2026-07-21T19:00:00,cust_5887c9e781,captured
order_73BE16483C7F4F,560.67,2026-08-14T03:00:00,cust_af81d26f0a,completed
order_7B3DD4138DBD4E,1537.94,2026-07-22T23:00:00,cust_fbb744ba0e,completed
order_880634B3E6194D,21068.41,2026-07-29T15:00:00,cust_596aec8f90,captured
order_BC4EF94EAF954B,108.41,2026-07-17T16:00:00,cust_68ea653860,captured
order_4A06FA9A1CE04E,825.99,2026-07-13T23:00:00,cust_726235f8c7,captured
order_A330D4F7E97C45,207650.07,2026-07-02T01:00:00,cust_f01105b9f7,captured
order_CC459ADA82F448,711.58,2026-07-09T08:00:00,cust_669ebeedea,captured
order_439DCE6B28CD42,2615.22,2026-08-08T17:00:00,cust_963f9f16a9,captured
order_4B632E51EDB240,22740.32,2026-08-03T13:00:00,cust_0b6b0d280d,completed
order_6C5F3C8024884F,2679.17,2026-08-05T04:00:00,cust_81a26ba14d,captured
order_FBFCF0B8BF454C,227.57,2026-08-04T10:00:00,cust_2dfb244383,captured
order_63B3CEE947FB47,2845.64,2026-08-13T06:00:00,cust_ff0f242803,completed
order_BCD946659A6243,949.06,2026-07-25T03:00:00,cust_e39feeb031,completed
order_9337660B6B7145,1372.02,2026-07-13T21:00:00,cust_db590c7200,completed
order_1539012A0D9744,20473.49,2026-07-04T19:00:00,cust_c9c0b913c7,captured
order_8017F30404EF49,2249.98,2026-08-03T03:00:00,cust_4af6f9be9a,captured
order_6E1FD63AA9944D,977.99,2026-08-06T14:00:00,cust_d9e28acb84,completed
order_6657A11F753D4A,346.18,2026-07-24T22:00:00,cust_af78f55465,completed
order_007FF8AD183D48,736.61,2026-07-26T17:00:00,cust_37e5b247fd,captured
order_A68D13217F084B,1341.09,2026-07-01T10:00:00,cust_52efd3aeec,captured
order_69C05C9285CB4C,18432.99,2026-07-11T15:00:00,cust_bc08f39e94,completed
order_99B15D8022C341,11807.58,2026-08-05T10:00:00,cust_b931e99182,captured
order_2DEFF080CD344D,18105.45,2026-08-13T04:00:00,cust_d45c1609c7,captured
order_732D63B33F0A46,1982.75,2026-07-12T12:00:00,cust_733e06b2bd,completed
order_15530599B4F74A,2935.44,2026-07-05T06:00:00,cust_2b5ee59b45,completed
order_725EE5EC0BFF42,5984.61,2026-07-30T11:00:00,cust_52c0a4c032,completed
order_CF30041B6FBE47,854.18,2026-07-21T01:00:00,cust_f9b45d84db,captured
order_EF4F0F6ACA774A,1435.01,2026-07-09T10:00:00,cust_a14e640ba7,captured
order_BCBD9B058C174D,2556.1,2026-07-22T03:00:00,cust_31f25ab1bd,completed
