entity_id,type,debit,credit,amount,currency,fee,tax,on_hold,settled,created_at,settled_at,settlement_id,payment_id,settlement_utr,order_id,order_receipt,method,card_network,card_issuer,card_type,dispute_id
pay_8F6C0424F85147,payment,0,13865869,14201013,INR,284020,51124,0,1,1783468800,1783641600,setl_979C5421FB444A,pay_8F6C0424F85147,UTR010004833959,order_16DC987853D149,rcpt_733c8b10b0,card,Amex,KKBK,debit,
pay_1B5C3181017C48,payment,0,2312741,2368641,INR,47373,8527,0,1,1785970800,1786150800,setl_F9016C0C79F348,pay_1B5C3181017C48,UTR417128285285,order_86CE3F2C7B7A45,rcpt_adc371b17c,netbanking,,,,
pay_8D0EF50740F642,payment,0,83562,85582,INR,1712,308,0,1,1784163600,1784854800,setl_7458F1AB9E2447,pay_8D0EF50740F642,UTR885892695296,order_A125501350894C,rcpt_b8583992e8,card,Visa,KKBK,credit,
pay_3CA23D1F3FB744,payment,0,49713,50914,INR,1018,183,0,1,1783216800,1783425600,setl_10183DCCE3B949,pay_3CA23D1F3FB744,UTR453764086375,order_90DC6C4CF3E44F,rcpt_a67e224000,card,RuPay,UTIB,debit,
pay_40BBB5C6B0CF4E,payment,0,117808,120655,INR,2413,434,0,1,1782864000,1783080000,setl_034BDC35E35A46,pay_40BBB5C6B0CF4E,UTR680109859689,order_B717722D827B42,rcpt_194fac359f,card,Amex,HDFC,debit,
pay_6861457D37D44C,payment,0,32856,33650,INR,673,121,0,1,1785952800,1786150800,setl_F9016C0C79F348,pay_6861457D37D44C,UTR977713264534,order_ED390EFA5DC04D,rcpt_91a1caaf45,upi,,,,
pay_B15171D2D5B947,payment,0,549587,562870,INR,11257,2026,0,1,1785794400,1786010400,setl_31338DAF247B41,pay_B15171D2D5B947,UTR528009911002,order_B7BBB4BBA25646,rcpt_f63f1487b8,card,MasterCard,KKBK,credit,
pay_078DABD901F34F,payment,0,74255,76050,INR,1521,274,0,1,1784790000,1784995200,setl_84271C1974A345,pay_078DABD901F34F,UTR083902342521,order_3D88A06CAC0744,rcpt_d91566a09b,wallet,,,,
pay_D084DC3A1A4B4F,payment,0,22368729,22909391,INR,458188,82474,0,1,1786226400,1786438800,setl_1756E8E3D82840,pay_D084DC3A1A4B4F,UTR372758025671,order_CAED442F5A194C,rcpt_d86ebff8eb,upi,,,,
pay_79AF884549E346,payment,0,122879,126202,INR,2816,507,0,1,1785254400,1785430800,setl_B8325289100045,pay_79AF884549E346,UTR988824629918,order_A5F162D198FE49,rcpt_f751890af3,card,RuPay,ICIC,credit,
pay_B109C4194BD540,payment,0,4601713,4712939,INR,94259,16967,0,1,1785027600,1785207600,setl_BFFA6CD4ADB047,pay_B109C4194BD540,UTR175565931025,order_636A79DF7FCD47,rcpt_c15ffac81e,wallet,,,,
pay_B8D945213EFF4D,payment,0,63424,64957,INR,1299,234,0,1,1784376000,1784563200,setl_2BED339E9C2B48,pay_B8D945213EFF4D,UTR782684731886,order_D968B5C3FB5949,rcpt_0517cc83e1,card,MasterCard,SBIN,debit,
pay_C91BC0F0A60F47,payment,0,31482,32243,INR,645,116,0,1,1786244400,1786449600,setl_1756E8E3D82840,pay_C91BC0F0A60F47,UTR181392105101,order_6C614B5242C442,rcpt_3c7940d90f,netbanking,,,,
pay_ACA2DA4217B544,payment,0,712511,729733,INR,14595,2627,0,1,1786208400,1786402800,setl_771746A59A394C,pay_ACA2DA4217B544,UTR112202929068,order_177AFBCE501045,rcpt_891b72d6a2,upi,,,,
pay_A75D54B90A1143,payment,0,116123,118818,INR,2284,411,0,1,1784361600,1784541600,setl_2BED339E9C2B48,pay_A75D54B90A1143,UTR137067778285,order_B524923EF72C4A,rcpt_a1b3145212,upi,,,,
pay_B85328951C6349,payment,0,264042,270425,INR,5409,974,0,1,1783105200,1783281600,setl_0A071D6AAAF242,pay_B85328951C6349,UTR322629343100,order_6B9C749D7C9E47,rcpt_4de4b7f3d8,wallet,,,,
pay_83B2CFC2E94A4B,payment,0,277305,284007,INR,5680,1022,0,1,1784505600,1784696400,setl_61442B0D09F247,pay_83B2CFC2E94A4B,UTR938324070604,order_725FBBA0F0FE4C,rcpt_4aab4e8cd1,netbanking,,,,
pay_6493206143BF44,payment,0,237590,243333,INR,4867,876,0,1,1785333600,1785510000,setl_555D16131E8C4E,pay_6493206143BF44,UTR573208545713,order_240B4AFD17814C,rcpt_b8b45f9c3f,card,Visa,UTIB,debit,
pay_30E1BE6177204A,payment,0,43266,44311,INR,886,159,0,1,1785812400,1786021200,setl_31338DAF247B41,pay_30E1BE6177204A,UTR191053187823,order_005200342C4149,rcpt_14b6106c67,card,Visa,HDFC,credit,
pay_E5D0AD4A1E4F4B,payment,0,1900421,1946355,INR,38927,7007,0,1,1786680000,1787544000,setl_BBF3FB55B61242,pay_E5D0AD4A1E4F4B,UTR389227554117,order_41ABA221FE264F,rcpt_65fadaf506,netbanking,,,,
pay_0CFD2B376BC649,payment,0,532513,545384,INR,10908,1963,0,1,1783400400,1783576800,setl_5223F6AD80A24C,pay_0CFD2B376BC649,UTR607595725786,order_ADBA0F85DA7D43,rcpt_41ab957878,card,MasterCard,ICIC,credit,
pay_CB8ECC197C6346,payment,0,184256,188709,INR,3774,679,0,1,1782900000,1783087200,setl_034BDC35E35A46,pay_CB8ECC197C6346,UTR546097627964,order_51CD40EEF78742,rcpt_7b2969e6fe,upi,,,,
pay_C52560DC0CFA40,payment,0,20942192,21448373,INR,428967,77214,0,1,1785949200,1786147200,setl_F9016C0C79F348,pay_C52560DC0CFA40,UTR266921831330,order_CE80EF3FA4754D,rcpt_e7277ab701,card,RuPay,HDFC,debit,
pay_6378F0349D6E45,payment,0,281110,287904,INR,5758,1036,0,1,1784509200,1784700000,setl_61442B0D09F247,pay_6378F0349D6E45,UTR146638284082,order_03E09693D2F044,rcpt_30120e2878,card,Visa,UTIB,debit,
pay_1D03D868D3F14F,payment,0,270551,277091,INR,5542,998,0,1,1786428000,1786629600,setl_96EF7EDCC4D54C,pay_1D03D868D3F14F,UTR983579713766,order_B318D76549A04D,rcpt_340a8c1272,upi,,,,
pay_B04F35F830334F,payment,0,258499,264747,INR,5295,953,0,1,1784941200,1785632400,setl_522FF05F4FB240,pay_B04F35F830334F,UTR390039097645,order_81E58BC65B4E41,rcpt_44978c5cd9,card,Visa,KKBK,credit,
pay_A505409C7BCC4C,payment,0,280401,287179,INR,5744,1034,0,1,1784199600,1785236400,setl_BFFA6CD4ADB047,pay_A505409C7BCC4C,UTR439407616591,order_E768F4EE402540,rcpt_2018fe29f3,card,RuPay,ICIC,credit,
pay_AF377189729248,payment,0,48347,49515,INR,990,178,0,1,1785146400,1785319200,setl_EFE4C2035A674E,pay_AF377189729248,UTR964507624199,order_752725DD81C847,rcpt_18ec2c699c,card,RuPay,SBIN,credit,
pay_4F86F89641A442,payment,0,1844967,1889560,INR,37791,6802,0,1,1786140000,1786341600,setl_771746A59A394C,pay_4F86F89641A442,UTR689503502304,order_886A1B20172448,rcpt_676e6eefc0,card,Visa,HDFC,credit,
pay_CEA393D3E12040,payment,0,131107,134276,INR,2686,483,0,1,1786820400,1787004000,setl_03302C65A87F40,pay_CEA393D3E12040,UTR191523537314,order_863AE9D09A8943,rcpt_17fef499e2,netbanking,,,,
pay_E28C7B9EB67842,payment,0,113853,116605,INR,2332,420,0,1,1783227600,1783436400,setl_10183DCCE3B949,pay_E28C7B9EB67842,UTR348805905834,order_172B7C575DB64D,rcpt_13fd9c5b83,upi,,,,
pay_2284202131A746,payment,0,207419,212433,INR,4249,765,0,1,1783566000,1783760400,setl_AB36E391E9374B,pay_2284202131A746,UTR633669929710,order_2DC559ECFCE24E,rcpt_93eb02c568,wallet,,,,
pay_37E199E8119042,payment,0,134950,138212,INR,2764,498,0,1,1785333600,1785513600,setl_555D16131E8C4E,pay_37E199E8119042,UTR014222389121,order_1C99C01198B84E,rcpt_66f93ff51f,upi,,,,
pay_56DCF8115DB649,payment,0,6868719,7034739,INR,140695,25325,0,1,1784358000,1784534400,setl_2BED339E9C2B48,pay_56DCF8115DB649,UTR696475156110,order_AA1BDE7760D947,rcpt_eb2ae3c1a9,card,RuPay,HDFC,credit,
pay_A65C583FF26D43,payment,0,106215,108783,INR,2176,392,0,1,1783220400,1783404000,setl_10183DCCE3B949,pay_A65C583FF26D43,UTR021909543748,order_36FE79D764A54E,rcpt_77591b9b44,wallet,,,,
pay_55A79091BBE044,payment,0,27069,27723,INR,554,100,0,1,1783591200,1783782000,setl_AB36E391E9374B,pay_55A79091BBE044,UTR966864431673,order_8965CA31335945,rcpt_a0296501be,card,MasterCard,KKBK,debit,
pay_248EBCDDBF174C,payment,0,2017893,2066666,INR,41333,7440,0,1,1786053600,1786237200,setl_7CCCC6597F4F45,pay_248EBCDDBF174C,UTR588779925778,order_E28235319B7D42,rcpt_40f3080fbe,netbanking,,,,
pay_E3D881914CC548,payment,0,5543056,5677034,INR,113541,20437,0,1,1786827600,1787029200,setl_83823998477C4D,pay_E3D881914CC548,UTR211004292880,order_C89C8F0001CA4D,rcpt_c0db96849c,netbanking,,,,
pay_CB9D1B55E79041,payment,0,199645,204470,INR,4089,736,0,1,1784858400,1785042000,setl_305E654BA1DD49,pay_CB9D1B55E79041,UTR090872228866,order_38518578A3FD4F,rcpt_cf2a2b8d41,card,MasterCard,HDFC,credit,
pay_28B8EE83284340,payment,0,23280,23843,INR,477,86,0,1,1786694400,1786888800,setl_C9BB44BEC04545,pay_28B8EE83284340,UTR391775947425,order_A1D90DE2775A43,rcpt_d8c7f9a7cc,netbanking,,,,
pay_AC6EBD0810EF4B,payment,0,521708,534317,INR,10686,1923,0,1,1784797200,1784988000,setl_84271C1974A345,pay_AC6EBD0810EF4B,UTR933634143467,order_F27E1DCDDE864E,rcpt_704783bdd5,card,MasterCard,HDFC,credit,
pay_42C251901DD54D,payment,0,18195421,18635212,INR,372704,67087,0,1,1783821600,1784005200,setl_8ECF4B0C63D649,pay_42C251901DD54D,UTR587764936936,order_ABB7067722274E,rcpt_3fffe547a8,card,Visa,UTIB,credit,
pay_8F2A07C629BE45,payment,0,247842,253833,INR,5077,914,0,1,1786237200,1786420800,setl_1756E8E3D82840,pay_8F2A07C629BE45,UTR868339438345,order_770D54F3868644,rcpt_b18636e4ea,upi,,,,
pay_EF33CDFBD72D4B,payment,0,367190,376065,INR,7521,1354,0,1,1785783600,1785970800,setl_3986A7C3CB8B43,pay_EF33CDFBD72D4B,UTR733024574605,order_BE306976458448,rcpt_a18aa69751,upi,,,,
pay_7EF3E4865D3948,payment,0,57527,58917,INR,1178,212,0,1,1784433600,1784642400,setl_2D9F9BB2F67141,pay_7EF3E4865D3948,UTR408506575668,order_C4EBA1CB3F254B,rcpt_fac34e183c,card,Amex,ICIC,debit,
pay_87BC1DB43C4940,payment,0,264426,270817,INR,5416,975,0,1,1785020400,1785193200,setl_A12590E364114C,pay_87BC1DB43C4940,UTR914117655320,order_CBB8565B25534A,rcpt_8269cb2e68,wallet,,,,
pay_217E2A5FCA0645,payment,0,684031,700564,INR,14011,2522,0,1,1784815200,1785009600,setl_84271C1974A345,pay_217E2A5FCA0645,UTR230236640423,order_46229FCA207D47,rcpt_2c70cf5d4b,card,Amex,KKBK,debit,
pay_4318387E16E248,payment,0,93402,95659,INR,1913,344,0,1,1784160000,1785024000,setl_305E654BA1DD49,pay_4318387E16E248,UTR043830110128,order_5119E2FE646844,rcpt_ed8ae71d0e,card,MasterCard,KKBK,debit,
pay_A2DF620368B543,payment,0,232779,238405,INR,4768,858,0,1,1785132000,1785333600,setl_EFE4C2035A674E,pay_A2DF620368B543,UTR331788503503,order_6BEAFBBC49B642,rcpt_0aded718ea,upi,,,,
pay_C85CD104177143,payment,0,217510,222767,INR,4455,802,0,1,1784365200,1784538000,setl_2BED339E9C2B48,pay_C85CD104177143,UTR248341453065,order_CF6ABC5F052848,rcpt_fa9791b508,upi,,,,
pay_6BB08F82181546,payment,0,218748,224036,INR,4481,807,0,1,1785330000,1785502800,setl_555D16131E8C4E,pay_6BB08F82181546,UTR788950701668,order_5AEA59F5F77647,rcpt_a90e603221,card,Visa,UTIB,debit,
pay_144E8FF0C10440,payment,0,2401080,2459115,INR,49182,8853,0,1,1784739600,1784912400,setl_7458F1AB9E2447,pay_144E8FF0C10440,UTR993399485835,order_5818ACDF27B440,rcpt_7c3a6e6433,card,MasterCard,HDFC,debit,
pay_90A2818DA1114F,payment,0,139078,142440,INR,2849,513,0,1,1784156400,1784336400,setl_494FF39531404B,pay_90A2818DA1114F,UTR990157974552,order_A78D7F43344248,rcpt_785451023d,upi,,,,
pay_4492ADAD993E4F,payment,0,809001,828555,INR,16571,2983,0,1,1785520800,1785697200,setl_522FF05F4FB240,pay_4492ADAD993E4F,UTR245628958363,order_1F838DCDA8A544,rcpt_2c3feea023,wallet,,,,
pay_B666DB5745B545,payment,0,213306,218461,INR,4369,786,0,1,1784462400,1784635200,setl_2D9F9BB2F67141,pay_B666DB5745B545,UTR234850676449,order_05C84D7E606149,rcpt_b776d57204,card,RuPay,SBIN,debit,
pay_0C5460A2DEEB4A,payment,0,252325,258423,INR,5168,930,0,1,1783663200,1784354400,setl_494FF39531404B,pay_0C5460A2DEEB4A,UTR662013371357,order_E29A15307D2546,rcpt_cd7632bf9c,upi,,,,
pay_AE7CFA4CF7CE47,payment,0,15379602,15751634,INR,315281,56751,0,1,1785070800,1785250800,setl_BFFA6CD4ADB047,pay_AE7CFA4CF7CE47,UTR816867515891,order_767D832BB0F14A,rcpt_66d8ecbb53,upi,,,,
pay_133BDA58543A4F,payment,0,73036,74801,INR,1496,269,0,1,1785290400,1785499200,setl_555D16131E8C4E,pay_133BDA58543A4F,UTR445674344246,order_1E0E084E4FCD44,rcpt_1b78cb12da,upi,,,,
pay_C58A2F74378947,payment,0,268348,274834,INR,5497,989,0,1,1785232800,1785430800,setl_B8325289100045,pay_C58A2F74378947,UTR145568032595,order_A0FD8297AEB044,rcpt_8d60217eeb,netbanking,,,,
pay_5087CC31BC3B42,payment,0,1449829,1484871,INR,29697,5345,0,1,1784869200,1785060000,setl_305E654BA1DD49,pay_5087CC31BC3B42,UTR000044492133,order_2A1C38FD522347,rcpt_1c04330170,card,Visa,KKBK,debit,
pay_87D08E27BE724A,payment,0,477350,488888,INR,9778,1760,0,1,1786302000,1786489200,setl_1756E8E3D82840,pay_87D08E27BE724A,UTR483894455307,order_A755AA361E074C,rcpt_bd9c6c73e2,card,RuPay,KKBK,debit,
pay_C3300CB8BC1747,payment,0,197214,201981,INR,4040,727,0,1,1783389600,1783605600,setl_5223F6AD80A24C,pay_C3300CB8BC1747,UTR424011711936,order_A968B929D2F14A,rcpt_e8633eae2a,netbanking,,,,
pay_2E5870967C7948,payment,0,170210,174325,INR,3487,628,0,1,1785229200,1785445200,setl_B8325289100045,pay_2E5870967C7948,UTR641478439118,order_1250099BB7A148,rcpt_c17978dc21,netbanking,,,,
pay_2E4A1E60DCBC4A,payment,0,250648,256706,INR,5134,924,0,1,1784779200,1784995200,setl_84271C1974A345,pay_2E4A1E60DCBC4A,UTR708143990241,order_B151F58E2ACA4F,rcpt_708f803770,card,RuPay,ICIC,credit,
pay_49FE9A27EE5D42,payment,0,233339,238979,INR,4780,860,0,1,1785916800,1786129200,setl_4513A215B40946,pay_49FE9A27EE5D42,UTR493778657072,order_1E30DBE0813842,rcpt_7983206f01,card,Amex,SBIN,debit,
pay_B444622F68EC48,payment,0,16039741,16427429,INR,328549,59139,0,1,1785013200,1785211200,setl_BFFA6CD4ADB047,pay_B444622F68EC48,UTR383799550917,order_36D30385B5F346,rcpt_26a1237f00,upi,,,,
pay_7E23F6BBAE8942,payment,0,120473,123123,INR,2246,404,0,1,1783504800,1783699200,setl_979C5421FB444A,pay_7E23F6BBAE8942,UTR726822277605,order_35B10B68176548,rcpt_e7b20b432e,card,Amex,SBIN,debit,
pay_FC822AA7EC834C,payment,0,145141,148649,INR,2973,535,0,1,1783407600,1783623600,setl_5223F6AD80A24C,pay_FC822AA7EC834C,UTR571841635833,order_31D18044F25F47,rcpt_116da9fa6b,card,MasterCard,ICIC,debit,
pay_B9128DAEE3034E,payment,0,1917576,1963925,INR,39279,7070,0,1,1782910800,1783101600,setl_034BDC35E35A46,pay_B9128DAEE3034E,UTR125705277225,order_58968A6E87C042,rcpt_a08fe27fe2,upi,,,,
pay_D5BDA85C366D4D,payment,0,180104,184457,INR,3689,664,0,1,1786100400,1786273200,setl_7CCCC6597F4F45,pay_D5BDA85C366D4D,UTR012295001955,order_5ADDFB3A8E464D,rcpt_a57bfb526a,card,Amex,SBIN,credit,
pay_C8372D88FD3644,payment,0,269259,275767,INR,5515,993,0,1,1783821600,1784019600,setl_8ECF4B0C63D649,pay_C8372D88FD3644,UTR431909723530,order_88AE2814B04F43,rcpt_1f12ec27bf,card,RuPay,KKBK,debit,
pay_D81E5F57351041,payment,0,89974,92149,INR,1843,332,0,1,1786197600,1786388400,setl_771746A59A394C,pay_D81E5F57351041,UTR502430121800,order_560E840F7DDA49,rcpt_16b3a9fc7b,upi,,,,
pay_207E16F3F3A54A,payment,0,21436,21954,INR,439,79,0,1,1784181600,1784390400,setl_494FF39531404B,pay_207E16F3F3A54A,UTR376799427073,order_4E9A6339588C45,rcpt_22bde5a7db,netbanking,,,,
pay_8625AD5B3F6248,payment,0,112944,115673,INR,2313,416,0,1,1783080000,1783296000,setl_3631ADE9199040,pay_8625AD5B3F6248,UTR360899285435,order_B28DC1FD27C744,rcpt_fe2852c3c4,card,Amex,ICIC,credit,
pay_77E2F56FE72E46,payment,0,287474,294422,INR,5888,1060,0,1,1784804400,1785006000,setl_84271C1974A345,pay_77E2F56FE72E46,UTR954512392883,order_9EBFD364E1664F,rcpt_f36e13e136,card,MasterCard,KKBK,debit,
pay_39CB256A7F474F,payment,0,78425,80320,INR,1606,289,0,1,1786345200,1786525200,setl_6456014736CE47,pay_39CB256A7F474F,UTR523374663838,order_00B194BA85CE47,rcpt_0702a057f3,card,MasterCard,KKBK,credit,
pay_621DAB565A1740,payment,0,2094927,2145562,INR,42911,7724,0,1,1786356000,1786568400,setl_6456014736CE47,pay_621DAB565A1740,UTR433322796726,order_E363CCF5056747,rcpt_b05882f746,upi,,,,
pay_7957DA5FF90348,payment,0,1006555,1030884,INR,20618,3711,0,1,1782889200,1783094400,setl_034BDC35E35A46,pay_7957DA5FF90348,UTR650976379250,order_EEEF9B6C473247,rcpt_6036f54a07,upi,,,,
pay_2A598FAE11554F,payment,0,257572,263798,INR,5276,950,0,1,1783382400,1783576800,setl_5223F6AD80A24C,pay_2A598FAE11554F,UTR149919705328,order_5B1F8729971A49,rcpt_31ca34bb2f,card,RuPay,UTIB,debit,
pay_FBE0DE6CBA0244,payment,0,126317,129370,INR,2587,466,0,1,1783720800,1784498400,setl_EDF7BABA719741,pay_FBE0DE6CBA0244,UTR966990235527,order_E48EB3423CB840,rcpt_c46914a318,wallet,,,,
pay_6BD42DCEA19F4A,payment,0,205978,210956,INR,4219,759,0,1,1783321200,1783508400,setl_55F273DE6AD744,pay_6BD42DCEA19F4A,UTR085239205843,order_D63483D3477143,rcpt_c3ee313eda,upi,,,,
pay_EF7D95FF557948,payment,0,13052,13367,INR,267,48,0,1,1786816800,1787007600,setl_03302C65A87F40,pay_EF7D95FF557948,UTR660447755358,order_8343039B5A5848,rcpt_2144c23677,upi,,,,
pay_47FA0DAEB5C84B,payment,0,2104829,2155704,INR,43114,7761,0,1,1784736000,1784923200,setl_7458F1AB9E2447,pay_47FA0DAEB5C84B,UTR857081520986,order_7606DADE2E424E,rcpt_18b83099a6,card,Amex,ICIC,credit,
pay_0D4FC6BA12CC4A,payment,0,1869819,1915245,INR,38497,6929,0,1,1784577600,1784786400,setl_A4A67F5DD08E4E,pay_0D4FC6BA12CC4A,UTR072873148999,order_49FB80B97CFC4B,rcpt_072446a27f,upi,,,,
pay_9409FB1646F24A,payment,0,210066,215144,INR,4303,775,0,1,1783526400,1783724400,setl_979C5421FB444A,pay_9409FB1646F24A,UTR296760470563,order_614A160201B241,rcpt_3af7aaafba,netbanking,,,,
pay_E1DBE22F840542,payment,0,228315,233834,INR,4677,842,0,1,1785049200,1785265200,setl_BFFA6CD4ADB047,pay_E1DBE22F840542,UTR309641162062,order_D27EA985E2A648,rcpt_584e94df3c,upi,,,,
pay_89EC947600334C,payment,0,222670,228052,INR,4561,821,0,1,1786608000,1786820400,setl_7EA2D34F2CF54D,pay_89EC947600334C,UTR221590235789,order_7C70BCAB87E145,rcpt_41da43417a,netbanking,,,,
pay_172E4E81469947,payment,0,199719,204546,INR,4091,736,0,1,1783713600,1783897200,setl_7BCCFB39140247,pay_172E4E81469947,UTR362815758846,order_C67DA58B3E2446,rcpt_fdaf62097a,card,Visa,ICIC,credit,
pay_6052FF23379440,payment,0,113116,115850,INR,2317,417,0,1,1785088800,1785297600,setl_EFE4C2035A674E,pay_6052FF23379440,UTR657507584619,order_4B425DDE412D4B,rcpt_560c776c48,netbanking,,,,
pay_BA183519C99A41,payment,0,228741,234269,INR,4685,843,0,1,1785326400,1785531600,setl_555D16131E8C4E,pay_BA183519C99A41,UTR699314897200,order_986975EAF2A742,rcpt_cae7d90bd8,netbanking,,,,
pay_7225F551097C47,payment,0,151111,155050,INR,3338,601,0,1,1784700000,1784872800,setl_7458F1AB9E2447,pay_7225F551097C47,UTR502359599676,order_7B8AB36F6D444A,rcpt_f944333117,card,Visa,HDFC,credit,
pay_D95A3A7C77BA46,payment,0,141178,144591,INR,2892,521,0,1,1786086000,1786294800,setl_7CCCC6597F4F45,pay_D95A3A7C77BA46,UTR450769470496,order_22AC1131318141,rcpt_a889abcba3,card,RuPay,HDFC,debit,
pay_B4DF8E4FE50C45,payment,0,195107,199822,INR,3996,719,0,1,1786658400,1786845600,setl_C9BB44BEC04545,pay_B4DF8E4FE50C45,UTR673424310395,order_453B4CFD626D4A,rcpt_eb849e9716,upi,,,,
pay_3E2F0ECA67D043,payment,0,180474,184836,INR,3697,665,0,1,1784786400,1784959200,setl_84271C1974A345,pay_3E2F0ECA67D043,UTR275773655145,order_D5BE72BC8C064E,rcpt_4d0f5616e5,card,Visa,SBIN,credit,
pay_98C730253C1845,payment,0,190597,195240,INR,3935,708,0,1,1783260000,1783461600,setl_10183DCCE3B949,pay_98C730253C1845,UTR835077910762,order_676684E567674F,rcpt_6f30a303d3,netbanking,,,,
pay_2367D3B9EED94C,payment,0,291813,298866,INR,5977,1076,0,1,1783386000,1783580400,setl_5223F6AD80A24C,pay_2367D3B9EED94C,UTR531257483137,order_E257A020ED3A4B,rcpt_e2e8e7166e,netbanking,,,,
pay_57A7966660A84F,payment,0,215520,220730,INR,4415,795,0,1,1784041200,1784221200,setl_9C4106F668094D,pay_57A7966660A84F,UTR848248467563,order_1337B0055B204F,rcpt_426787123c,upi,,,,
pay_DA83D2E104F449,payment,0,1403839,1437770,INR,28755,5176,0,1,1785258000,1785459600,setl_555D16131E8C4E,pay_DA83D2E104F449,UTR667033260022,order_6151293357D944,rcpt_faad7a440c,upi,,,,
pay_9BD62902F63C4E,payment,0,210056,215458,INR,4578,824,0,1,1786582800,1786773600,setl_7EA2D34F2CF54D,pay_9BD62902F63C4E,UTR799118894511,order_3427A383BF174C,rcpt_a13c0687ba,upi,,,,
pay_0F72C29019624D,payment,0,83659,85682,INR,1714,309,0,1,1783656000,1783854000,setl_7BCCFB39140247,pay_0F72C29019624D,UTR172624834517,order_E5A53A53762F4E,rcpt_43ea770b77,wallet,,,,
pay_80409C9FC32F4B,payment,0,2292927,2348348,INR,46967,8454,0,1,1785114000,1785326400,setl_EFE4C2035A674E,pay_80409C9FC32F4B,UTR347738019062,order_EDC333C696F14A,rcpt_5c0f0297ab,upi,,,,
pay_15A4B57FCDC343,payment,0,318838,326545,INR,6531,1176,0,1,1785592800,1785769200,setl_B07E9972089140,pay_15A4B57FCDC343,UTR922321923148,order_6EF36D4BB8EC42,rcpt_a3bf3886ac,card,MasterCard,UTIB,credit,
pay_C8B0206017164F,payment,0,115303,118090,INR,2362,425,0,1,1784599200,1784782800,setl_A4A67F5DD08E4E,pay_C8B0206017164F,UTR348962897828,order_868352577C8341,rcpt_93e36bc383,card,Amex,ICIC,credit,
pay_D357C018D2E44F,payment,0,160514,164394,INR,3288,592,0,1,1784415600,1784602800,setl_2D9F9BB2F67141,pay_D357C018D2E44F,UTR727645954149,order_AFC9A7C4DF0146,rcpt_720b81bb99,upi,,,,
pay_7ABA91ED8F6C4E,payment,0,76072,77910,INR,1558,280,0,1,1785373200,1785546000,setl_D98264A81E7049,pay_7ABA91ED8F6C4E,UTR817330337716,order_A0A8034367BE47,rcpt_23ab6f6ab4,upi,,,,
pay_CF41172F8C2F41,payment,0,63880,65425,INR,1309,236,0,1,1784836800,1785024000,setl_305E654BA1DD49,pay_CF41172F8C2F41,UTR657467085042,order_F2CCBC8CEC6D4B,rcpt_ad689d9647,card,MasterCard,KKBK,debit,
pay_69901FEA791544,payment,0,111293,113983,INR,2280,410,0,1,1786507200,1786690800,setl_7BCA560282254B,pay_69901FEA791544,UTR880349209699,order_6A9DCAD8AA044F,rcpt_88b0b60d7b,upi,,,,
pay_86F3709F98DD42,payment,0,239089,244867,INR,4897,881,0,1,1783458000,1783663200,setl_979C5421FB444A,pay_86F3709F98DD42,UTR288496048786,order_6C34145406EF4B,rcpt_9fe69e0729,upi,,,,
pay_5F56BFB9DD1744,payment,0,20419,20912,INR,418,75,0,1,1782874800,1783090800,setl_034BDC35E35A46,pay_5F56BFB9DD1744,UTR709601061815,order_21028C56B07C42,rcpt_9aa6678ee7,upi,,,,
pay_AC83453BFF0F4A,payment,0,216250,221477,INR,4430,797,0,1,1784113200,1784314800,setl_98F450A7753344,pay_AC83453BFF0F4A,UTR716299579054,order_55CA53C9A20A4A,rcpt_35e081101f,upi,,,,
pay_AF8A3F89E5E049,payment,0,112748,115473,INR,2309,416,0,1,1784102400,1784282400,setl_98F450A7753344,pay_AF8A3F89E5E049,UTR859895161377,order_CD02823C5C724F,rcpt_2027829579,netbanking,,,,
pay_05EAF82C2F3641,payment,0,164639,168618,INR,3372,607,0,1,1786240800,1786449600,setl_1756E8E3D82840,pay_05EAF82C2F3641,UTR465861903262,order_DE5AD33F998B43,rcpt_3dd326893e,netbanking,,,,
pay_F34A7487B3B545,payment,0,2234672,2288685,INR,45774,8239,0,1,1786374000,1786550400,setl_6456014736CE47,pay_F34A7487B3B545,UTR996093903776,order_80274C654B644E,rcpt_2a6a75076d,wallet,,,,
pay_A3BFC1CB829C45,payment,0,236701,242422,INR,4848,873,0,1,1786719600,1786921200,setl_C9BB44BEC04545,pay_A3BFC1CB829C45,UTR303130389690,order_D596D48CE6104B,rcpt_c7dfcf913e,netbanking,,,,
pay_4C9F797702114F,payment,0,855025,875834,INR,17635,3174,0,1,1785574800,1785776400,setl_B07E9972089140,pay_4C9F797702114F,UTR835194215991,order_6DB753E59BAB42,rcpt_3b8059c708,upi,,,,
pay_0FF5792A7C8D40,payment,0,75416,77239,INR,1545,278,0,1,1785157200,1785355200,setl_EFE4C2035A674E,pay_0FF5792A7C8D40,UTR516261694439,order_25B10586DE1244,rcpt_3b06c351b3,upi,,,,
pay_7A96408E874E45,payment,0,210427,215513,INR,4310,776,0,1,1785801600,1786010400,setl_31338DAF247B41,pay_7A96408E874E45,UTR912881694133,order_9D2DD981B72B47,rcpt_0645ec4ebc,upi,,,,
pay_0D0BB71D39C445,payment,0,254384,260533,INR,5211,938,0,1,1785628800,1785837600,setl_63C0BDAE754B4B,pay_0D0BB71D39C445,UTR409249311646,order_B035BC21846340,rcpt_7696858a86,card,RuPay,SBIN,credit,
pay_F719A9C0A8EF49,payment,0,132389,135589,INR,2712,488,0,1,1785596400,1785780000,setl_B07E9972089140,pay_F719A9C0A8EF49,UTR485619444120,order_FE38B80D35D440,rcpt_f619dfa167,card,Visa,UTIB,debit,
pay_A2F8EE0487DB48,payment,0,96297,98625,INR,1973,355,0,1,1785106800,1785297600,setl_EFE4C2035A674E,pay_A2F8EE0487DB48,UTR748331635870,order_9644FC00B3C945,rcpt_714b8165d2,card,Amex,UTIB,credit,
pay_DA5089E755E84A,payment,0,22744282,23294020,INR,465880,83858,0,1,1784718000,1785668400,setl_522FF05F4FB240,pay_DA5089E755E84A,UTR587540306253,order_B16AA86D0C2A4B,rcpt_be27fa0803,card,MasterCard,HDFC,debit,
pay_1BA32E41B50048,payment,0,31472,32233,INR,645,116,0,1,1785704400,1785906000,setl_3986A7C3CB8B43,pay_1BA32E41B50048,UTR341822736546,order_E32F712B729B4F,rcpt_f10613fd9e,card,Visa,KKBK,debit,
pay_4B681E4FB4074D,payment,0,233085,238718,INR,4774,859,0,1,1784088000,1784293200,setl_98F450A7753344,pay_4B681E4FB4074D,UTR245128229725,order_DB6B49D3079145,rcpt_521e69925a,wallet,,,,
pay_E057A98939F042,payment,0,158227,162051,INR,3241,583,0,1,1786370400,1786554000,setl_6456014736CE47,pay_E057A98939F042,UTR125062226190,order_E49F66346C2842,rcpt_0630f1f333,card,Amex,KKBK,debit,
pay_85A3D42C86F644,payment,0,109948,112605,INR,2252,405,0,1,1784826000,1785027600,setl_305E654BA1DD49,pay_85A3D42C86F644,UTR024341985326,order_B28889E87F0D48,rcpt_9fa643e60d,card,Visa,HDFC,credit,
pay_E400724DDFCE4E,payment,0,85546,87613,INR,1752,315,0,1,1784329200,1784516400,setl_2BED339E9C2B48,pay_E400724DDFCE4E,UTR589822483508,order_0503B2F19CAB4B,rcpt_ac27eefafa,wallet,,,,
pay_2878183307CE47,payment,0,820650,840486,INR,16810,3026,0,1,1785643200,1785834000,setl_63C0BDAE754B4B,pay_2878183307CE47,UTR726915690785,order_C40FA70A48FD4B,rcpt_18a02a5718,card,MasterCard,SBIN,debit,
pay_3BF5CA90632B48,payment,0,105038,107577,INR,2152,387,0,1,1783090800,1783274400,setl_0A071D6AAAF242,pay_3BF5CA90632B48,UTR659694787457,order_B345F1CF86C241,rcpt_3471e35a2b,card,MasterCard,SBIN,debit,
pay_2A7E69C0BC4E4D,payment,0,439602,450228,INR,9005,1621,0,1,1784646000,1784854800,setl_7458F1AB9E2447,pay_2A7E69C0BC4E4D,UTR856185378293,order_0496F1283A1147,rcpt_6136d5ce1b,card,MasterCard,ICIC,credit,
pay_8AFCB7D83E5347,payment,0,120171,123076,INR,2462,443,0,1,1783119600,1783324800,setl_3631ADE9199040,pay_8AFCB7D83E5347,UTR222829861023,order_C473B078A93E45,rcpt_05a5358426,netbanking,,,,
pay_563D696C3C2249,payment,0,27840,28513,INR,570,103,0,1,1785420000,1785632400,setl_522FF05F4FB240,pay_563D696C3C2249,UTR760761178019,order_0CA24D6E37D348,rcpt_330a0a576b,upi,,,,
pay_EB5C44DB0D8248,payment,0,18526,18973,INR,379,68,0,1,1784404800,1784606400,setl_2D9F9BB2F67141,pay_EB5C44DB0D8248,UTR470483628720,order_58ED1FC9742143,rcpt_df8a33b97d,card,Amex,SBIN,credit,
pay_6BCDE659FE624E,payment,0,1152756,1180618,INR,23612,4250,0,1,1784790000,1784984400,setl_84271C1974A345,pay_6BCDE659FE624E,UTR484727300096,order_21A386A6DA0E47,rcpt_26664a1ba5,upi,,,,
pay_FE8B5E79D2BC46,payment,0,132356,135555,INR,2711,488,0,1,1783450800,1783652400,setl_979C5421FB444A,pay_FE8B5E79D2BC46,UTR959397534625,order_B971BB26A3C84F,rcpt_b3ac3460d6,card,Amex,KKBK,credit,
pay_A011C6AE158840,payment,0,1336570,1368876,INR,27378,4928,0,1,1783058400,1783263600,setl_0A071D6AAAF242,pay_A011C6AE158840,UTR126306612126,order_4DE97940749C4F,rcpt_ff967327ff,upi,,,,
pay_6064283D07C044,payment,0,242558,248420,INR,4968,894,0,1,1785661200,1785837600,setl_63C0BDAE754B4B,pay_6064283D07C044,UTR293763566841,order_984034AE331D4A,rcpt_02ed446580,wallet,,,,
pay_6C7C14BBF16047,payment,0,48761,49940,INR,999,180,0,1,1784314800,1784487600,setl_EDF7BABA719741,pay_6C7C14BBF16047,UTR577525811244,order_BB3105EF96EC48,rcpt_5b2741be07,upi,,,,
pay_4FAD850459634D,payment,0,209169,214434,INR,4462,803,0,1,1783040400,1783227600,setl_0A071D6AAAF242,pay_4FAD850459634D,UTR146343565362,order_51D83DE611604F,rcpt_3e76a80434,upi,,,,
pay_280E671DDC5045,payment,0,265133,271542,INR,5431,978,0,1,1784595600,1784808000,setl_A4A67F5DD08E4E,pay_280E671DDC5045,UTR606398104999,order_DD5FA6BD9A5A43,rcpt_a0f7ec043b,card,MasterCard,UTIB,credit,
pay_9C6CB7ADC8B749,payment,0,181824,186218,INR,3724,670,0,1,1783800000,1784012400,setl_8ECF4B0C63D649,pay_9C6CB7ADC8B749,UTR627013086862,order_FC204707E6AE45,rcpt_96bb26230c,card,Visa,ICIC,debit,
pay_C85ABFBFB93647,payment,0,163790,167749,INR,3355,604,0,1,1784656800,1784851200,setl_7458F1AB9E2447,pay_C85ABFBFB93647,UTR062253831105,order_C746FA58C09348,rcpt_690e42b5e9,upi,,,,
pay_815A7B88751747,payment,0,208092,213121,INR,4262,767,0,1,1785351600,1785538800,setl_555D16131E8C4E,pay_815A7B88751747,UTR447553523312,order_AC493C08A67046,rcpt_2fc58db247,card,Visa,SBIN,credit,
pay_EEC6BE7AAFCB4C,payment,0,29938,30661,INR,613,110,0,1,1783965600,1784178000,setl_9C4106F668094D,pay_EEC6BE7AAFCB4C,UTR577512148611,order_107B96737C484A,rcpt_d767270419,card,Visa,SBIN,debit,
pay_DA6C0C6879EB43,payment,0,21587,22457,INR,737,133,0,1,1786575600,1786755600,setl_7EA2D34F2CF54D,pay_DA6C0C6879EB43,UTR482043358113,order_121B2CCA8CBF4B,rcpt_78377b2439,upi,,,,
pay_5CB94B00622F4E,payment,0,203042,207950,INR,4159,749,0,1,1784325600,1784541600,setl_2BED339E9C2B48,pay_5CB94B00622F4E,UTR745975172917,order_BD7FC71BE5ED44,rcpt_9b22e37468,upi,,,,
pay_BD9F544079EF47,payment,0,291267,298307,INR,5966,1074,0,1,1783396800,1783584000,setl_5223F6AD80A24C,pay_BD9F544079EF47,UTR842494992117,order_886A0E6CDEE44E,rcpt_e7d196c139,wallet,,,,
pay_A4BD59C5E79B45,payment,0,239167,244948,INR,4899,882,0,1,1784545200,1784736000,setl_61442B0D09F247,pay_A4BD59C5E79B45,UTR317263882547,order_C89ECB1D342F45,rcpt_e2cd151e3f,card,Visa,SBIN,debit,
pay_784F49FFF5C740,payment,0,454984,465982,INR,9320,1678,0,1,1786222800,1786428000,setl_1756E8E3D82840,pay_784F49FFF5C740,UTR762342963465,order_C3E510A475DB47,rcpt_051133821c,wallet,,,,
pay_276879E8014349,payment,0,209222,214279,INR,4286,771,0,1,1785895200,1786100400,setl_4513A215B40946,pay_276879E8014349,UTR707595775020,order_F44090AB453D4F,rcpt_27c45a3222,card,Amex,ICIC,credit,
pay_8662FDAA719A4E,payment,0,10162,10407,INR,208,37,0,1,1786006800,1786183200,setl_F9016C0C79F348,pay_8662FDAA719A4E,UTR389315446056,order_FD0C2E260D6D44,rcpt_0fea68930c,netbanking,,,,
pay_CB83B2B1A1DE45,payment,0,186617,191462,INR,4106,739,0,1,1784890800,1785096000,setl_305E654BA1DD49,pay_CB83B2B1A1DE45,UTR436183988770,order_84A3907CBE2C49,rcpt_3f9cd64942,netbanking,,,,
pay_81A664A1F2DD42,payment,0,1186730,1215069,INR,24016,4323,0,1,1785553200,1785762000,setl_B07E9972089140,pay_81A664A1F2DD42,UTR303533879454,order_8358CE0D73C04F,rcpt_7175e95ebd,upi,,,,
pay_3294AAB677254D,payment,0,991736,1015707,INR,20314,3657,0,1,1783008000,1783216800,setl_0A071D6AAAF242,pay_3294AAB677254D,UTR538880404474,order_6F51F0910BEB46,rcpt_c3f4e78f1b,upi,,,,
pay_80753DD618F64D,payment,0,2040842,2090170,INR,41803,7525,0,1,1785459600,1785664800,setl_522FF05F4FB240,pay_80753DD618F64D,UTR151225871413,order_B67ADF4C121F46,rcpt_04e9bd601b,upi,,,,
pay_8B83A4827A234D,payment,0,287798,294754,INR,5895,1061,0,1,1784217600,1784404800,setl_494FF39531404B,pay_8B83A4827A234D,UTR995356970416,order_8130F3B26B7045,rcpt_cf1a566a9d,card,Amex,UTIB,debit,
pay_6F7FFE98699440,payment,0,271812,278382,INR,5568,1002,0,1,1786503600,1786719600,setl_7BCA560282254B,pay_6F7FFE98699440,UTR114884943639,order_9D7176F8BCAB4E,rcpt_b873c4e21f,card,MasterCard,KKBK,credit,
pay_A0D8CC41360D4D,payment,0,24747,25345,INR,507,91,0,1,1785524400,1785697200,setl_522FF05F4FB240,pay_A0D8CC41360D4D,UTR379666880504,order_8B6D39B97D0949,rcpt_5e9062537b,card,RuPay,SBIN,debit,
pay_4F96C8534FD649,payment,0,93531,95792,INR,1916,345,0,1,1786125600,1786334400,setl_771746A59A394C,pay_4F96C8534FD649,UTR372657945191,order_0E8F3693106741,rcpt_3d39eed86b,card,RuPay,HDFC,debit,
pay_B670C0C910EA4A,payment,0,268732,275228,INR,5505,991,0,1,1783864800,1784059200,setl_8ECF4B0C63D649,pay_B670C0C910EA4A,UTR183491079254,order_2022896EC4A34E,rcpt_c22f99ea1a,upi,,,,
pay_5C8B8919ADE947,payment,0,24252396,24838587,INR,496772,89419,0,1,1786636800,1786849200,setl_C9BB44BEC04545,pay_5C8B8919ADE947,UTR344844011043,order_DA46749B7BE34F,rcpt_3728d9ba3e,upi,,,,
pay_3EA71674A2FB47,payment,0,149880,153503,INR,3070,553,0,1,1784185200,1784365200,setl_494FF39531404B,pay_3EA71674A2FB47,UTR786880186656,order_630D2A0EFADD4E,rcpt_0eae11134b,card,Visa,ICIC,debit,
pay_DC1451A7059948,payment,0,208131,213161,INR,4263,767,0,1,1786140000,1786330800,setl_771746A59A394C,pay_DC1451A7059948,UTR097557489353,order_C90019AF7D3B49,rcpt_6ff042fe91,card,RuPay,KKBK,credit,
pay_533424B341F04E,payment,0,192387,197037,INR,3941,709,0,1,1786636800,1786842000,setl_C9BB44BEC04545,pay_533424B341F04E,UTR400034886423,order_49ED938B10444A,rcpt_3bcebdf121,card,Visa,KKBK,credit,
pay_BF127C6F52A44F,payment,0,196254,200998,INR,4020,724,0,1,1786352400,1786532400,setl_6456014736CE47,pay_BF127C6F52A44F,UTR547934052993,order_50161AC44C314F,rcpt_a5536ac31b,card,RuPay,UTIB,credit,
pay_1FE67A181C9B4B,payment,0,114500,117267,INR,2345,422,0,1,1784332800,1784538000,setl_2BED339E9C2B48,pay_1FE67A181C9B4B,UTR265861281091,order_1DA6D87C25BC4D,rcpt_ad6ca46540,netbanking,,,,
pay_A5F79F9684964E,payment,0,265458,271875,INR,5438,979,0,1,1785574800,1785776400,setl_B07E9972089140,pay_A5F79F9684964E,UTR734759489398,order_1470333C5ACE47,rcpt_1ef905d790,netbanking,,,,
pay_3E424AC815A543,payment,0,157664,161474,INR,3229,581,0,1,1786150800,1786323600,setl_771746A59A394C,pay_3E424AC815A543,UTR865105367140,order_EC9FFC004CE642,rcpt_170a7bb969,netbanking,,,,
pay_DA10A6038EB74B,payment,0,277531,284239,INR,5685,1023,0,1,1783688400,1783879200,setl_7BCCFB39140247,pay_DA10A6038EB74B,UTR087185291371,order_13F91194FCDE4F,rcpt_c379724560,card,MasterCard,SBIN,debit,
pay_4A5954777D9D44,payment,0,275204,281856,INR,5637,1015,0,1,1783350000,1783566000,setl_5223F6AD80A24C,pay_4A5954777D9D44,UTR773479776561,order_F96AFC8495C24D,rcpt_f95e196046,upi,,,,
pay_117CCDB2C1A44F,payment,0,221223,226570,INR,4531,816,0,1,1786496400,1786694400,setl_7BCA560282254B,pay_117CCDB2C1A44F,UTR622059367690,order_253FF038C92D4A,rcpt_c33e9119ac,upi,,,,
pay_A63DC2320DE040,payment,0,140569,143966,INR,2879,518,0,1,1786183200,1786395600,setl_771746A59A394C,pay_A63DC2320DE040,UTR675249601667,order_FF4FDA0A237E44,rcpt_ee1476e220,upi,,,,
pay_C6F5691DB56C40,payment,0,252771,258881,INR,5178,932,0,1,1785096000,1785276000,setl_BFFA6CD4ADB047,pay_C6F5691DB56C40,UTR257615993593,order_884B2D792D484A,rcpt_853ad8a79a,card,RuPay,HDFC,debit,
pay_3400A84F23A74C,payment,0,492591,504497,INR,10090,1816,0,1,1784062800,1785099600,setl_305E654BA1DD49,pay_3400A84F23A74C,UTR799837497883,order_3F781DFF381F47,rcpt_045109e498,netbanking,,,,
pay_7FE3F5DB2B214B,payment,0,249737,255773,INR,5115,921,0,1,1783188000,1783368000,setl_3631ADE9199040,pay_7FE3F5DB2B214B,UTR101075672193,order_E899389336FE4E,rcpt_6088cc9c51,card,RuPay,UTIB,credit,
pay_34BFD361EC5E49,payment,0,2353445,2410329,INR,48207,8677,0,1,1786284000,1787493600,setl_C129349718D544,pay_34BFD361EC5E49,UTR453950298847,order_917318D2FDA545,rcpt_5083197514,card,RuPay,ICIC,credit,
pay_625C4693A55149,payment,0,114058,116814,INR,2336,420,0,1,1786273200,1786474800,setl_1756E8E3D82840,pay_625C4693A55149,UTR771234647759,order_EC952B594EC34F,rcpt_5a1e2e852d,wallet,,,,
pay_775ED71EFC3A43,payment,0,107941,110550,INR,2211,398,0,1,1783785600,1784304000,setl_98F450A7753344,pay_775ED71EFC3A43,UTR393525730500,order_6D5282D157D547,rcpt_1fdc130286,card,RuPay,ICIC,credit,
pay_0C054D6622A646,payment,0,196521,201271,INR,4025,725,0,1,1784253600,1784426400,setl_EDF7BABA719741,pay_0C054D6622A646,UTR299835806674,order_7386A6C7849C48,rcpt_947d859089,card,Amex,UTIB,debit,
pay_0862F5764CCB41,payment,0,214960,220156,INR,4403,793,0,1,1784815200,1785013200,setl_84271C1974A345,pay_0862F5764CCB41,UTR589704394785,order_4B7EDF3194294D,rcpt_b6e85596f7,upi,,,,
pay_BDB42E1E71FC45,payment,0,40078,41047,INR,821,148,0,1,1783854000,1784052000,setl_8ECF4B0C63D649,pay_BDB42E1E71FC45,UTR121341645874,order_C62A398AA08145,rcpt_942abf993a,card,Amex,HDFC,debit,
pay_62F300D5554443,payment,0,44509,45711,INR,1019,183,0,1,1783548000,1783735200,setl_AB36E391E9374B,pay_62F300D5554443,UTR927265499695,order_6225DC3C945544,rcpt_3a0dd59cfb,wallet,,,,
pay_CE600A688DEC45,payment,0,247443,253423,INR,5068,912,0,1,1784185200,1784361600,setl_494FF39531404B,pay_CE600A688DEC45,UTR972042844490,order_70D5D254A93C4C,rcpt_2afeb57451,netbanking,,,,
pay_3047E8D0465442,payment,0,182613,187027,INR,3741,673,0,1,1783512000,1784203200,setl_9C4106F668094D,pay_3047E8D0465442,UTR082032230745,order_C21EED4A5A1A40,rcpt_108327d87e,card,Amex,ICIC,debit,
pay_BFD8DF924C3542,payment,0,2101685,2152484,INR,43050,7749,0,1,1785708000,1785891600,setl_3986A7C3CB8B43,pay_BFD8DF924C3542,UTR481635931509,order_A7A5BB50541B4F,rcpt_a18c9b223a,upi,,,,
pay_4559F2BB581E42,payment,0,18793537,19247838,INR,385001,69300,0,1,1783368000,1783573200,setl_5223F6AD80A24C,pay_4559F2BB581E42,UTR718236858443,order_D29A444F96B64A,rcpt_875aa8bcd5,upi,,,,
pay_4E48C665438744,payment,0,2386422,2443913,INR,48721,8770,0,1,1785582000,1785780000,setl_B07E9972089140,pay_4E48C665438744,UTR310948794425,order_3AD260DDF1E041,rcpt_2a4d8989a9,upi,,,,
pay_274704F58EB54F,payment,0,780398,799260,INR,15985,2877,0,1,1784620800,1784829600,setl_A4A67F5DD08E4E,pay_274704F58EB54F,UTR685470031579,order_05C6C5802BDE44,rcpt_d4940611ec,upi,,,,
pay_6CC49E4AC84E45,payment,0,167404,171450,INR,3429,617,0,1,1786460400,1786633200,setl_96EF7EDCC4D54C,pay_6CC49E4AC84E45,UTR486165666319,order_AB0440BBB91F44,rcpt_9225055711,card,MasterCard,SBIN,credit,
pay_A9830F46B17C45,payment,0,278654,285389,INR,5708,1027,0,1,1783641600,1783839600,setl_7BCCFB39140247,pay_A9830F46B17C45,UTR039913213422,order_5EB8AF806E2C46,rcpt_275af3a789,upi,,,,
pay_7D0F71AD917748,payment,0,189966,194557,INR,3891,700,0,1,1784800800,1785578400,setl_D98264A81E7049,pay_7D0F71AD917748,UTR985712513675,order_62BA60D44D5B48,rcpt_8414039ffd,card,Visa,UTIB,debit,
pay_D27E834345414B,payment,0,69294,70968,INR,1419,255,0,1,1784412000,1784613600,setl_2D9F9BB2F67141,pay_D27E834345414B,UTR783552322139,order_95ABD80770C54E,rcpt_c4978e031f,upi,,,,
pay_032A50A779E040,payment,0,12589,12893,INR,258,46,0,1,1784142000,1784343600,setl_494FF39531404B,pay_032A50A779E040,UTR887274434459,order_713DE3F42EB445,rcpt_b3bc06870a,upi,,,,
pay_5D761283E66643,payment,0,176609,180878,INR,3618,651,0,1,1785211200,1785423600,setl_B8325289100045,pay_5D761283E66643,UTR765862650803,order_9DEEEBE3098C4A,rcpt_4bf8f7d367,netbanking,,,,
pay_C4D0CD5C21894D,payment,0,210830,215926,INR,4319,777,0,1,1784188800,1784401200,setl_494FF39531404B,pay_C4D0CD5C21894D,UTR842269996433,order_C6873BEFCB584C,rcpt_020df8fd86,upi,,,,
pay_48F3D682505A44,payment,0,417875,427976,INR,8560,1541,0,1,1784584800,1784786400,setl_A4A67F5DD08E4E,pay_48F3D682505A44,UTR038814041693,order_B2C1412325414B,rcpt_6b1660cfe9,card,MasterCard,KKBK,debit,
pay_425E61B2B9B54B,payment,0,236191,241900,INR,4838,871,0,1,1783998000,1784188800,setl_9C4106F668094D,pay_425E61B2B9B54B,UTR980225488018,order_A3A63C853AA742,rcpt_b430ee4d67,card,Amex,SBIN,credit,
pay_93141CC7B26B44,payment,0,52230,53493,INR,1070,193,0,1,1785438000,1785650400,setl_522FF05F4FB240,pay_93141CC7B26B44,UTR706686401143,order_75053EAE69D24A,rcpt_78473eb8fc,card,Visa,KKBK,credit,
pay_5035A3CC26DF46,payment,0,226096,231561,INR,4631,834,0,1,1786075200,1786248000,setl_7CCCC6597F4F45,pay_5035A3CC26DF46,UTR062671578820,order_D876230C1C104B,rcpt_9b00668f9e,card,Amex,UTIB,debit,
pay_16FEBD9019F14F,payment,0,176226,180486,INR,3610,650,0,1,1784098800,1784307600,setl_98F450A7753344,pay_16FEBD9019F14F,UTR842897258975,order_3CA4A7B19B2D49,rcpt_4871e0a109,card,Amex,KKBK,credit,
pay_9EF85641337849,payment,0,280450,287229,INR,5745,1034,0,1,1783641600,1783839600,setl_7BCCFB39140247,pay_9EF85641337849,UTR070736296692,order_33A1749C90CA4F,rcpt_f3b4a24f9f,wallet,,,,
pay_811D52C47A9D40,payment,0,1642504,1682204,INR,33644,6056,0,1,1784383200,1784599200,setl_2D9F9BB2F67141,pay_811D52C47A9D40,UTR194273473561,order_D3D11E641EC34D,rcpt_31f78199aa,upi,,,,
pay_D0DAE1C3E1AB41,payment,0,279882,286647,INR,5733,1032,0,1,1785870000,1786078800,setl_4513A215B40946,pay_D0DAE1C3E1AB41,UTR839468020037,order_9494E79E08044E,rcpt_4a5466abf0,card,Amex,UTIB,credit,
pay_C344F043673046,payment,0,11198281,11468948,INR,229379,41288,0,1,1785927600,1786132800,setl_4513A215B40946,pay_C344F043673046,UTR704789865677,order_3D9EAB9F0AED47,rcpt_e5e63b9ffb,card,Amex,HDFC,credit,
pay_E518B0232A6848,payment,0,175886,180138,INR,3603,649,0,1,1786096800,1786305600,setl_7CCCC6597F4F45,pay_E518B0232A6848,UTR840347288414,order_C4E2D99809AC4E,rcpt_04ff72160a,card,RuPay,KKBK,debit,
pay_CD7236DCADC448,payment,0,273367,279974,INR,5599,1008,0,1,1783720800,1783922400,setl_89FA3C15BDF545,pay_CD7236DCADC448,UTR053059717312,order_FEA220D507D44B,rcpt_ee04c05415,netbanking,,,,
pay_649280B5639A45,payment,0,51385,52628,INR,1053,190,0,1,1783990800,1784199600,setl_9C4106F668094D,pay_649280B5639A45,UTR675296062653,order_A9707691838F4B,rcpt_0561c75a7b,wallet,,,,
pay_5E2EBDF095644F,payment,0,205377,210341,INR,4207,757,0,1,1784487600,1784682000,setl_61442B0D09F247,pay_5E2EBDF095644F,UTR846539054207,order_03D8A228E7A447,rcpt_ed2971fece,netbanking,,,,
pay_D61ABD7DAB2D42,payment,0,217327,222580,INR,4452,801,0,1,1786320000,1786500000,setl_6456014736CE47,pay_D61ABD7DAB2D42,UTR411134364263,order_292C48AA3DF34F,rcpt_05bb20b3cd,upi,,,,
pay_B61D41C41FE643,payment,0,443142,453853,INR,9077,1634,0,1,1785394800,1785603600,setl_D98264A81E7049,pay_B61D41C41FE643,UTR870104202992,order_AB46BCF1DE6144,rcpt_c809334bf0,upi,,,,
pay_5A0E326B2E2D46,payment,0,206971,211973,INR,4239,763,0,1,1784232000,1784426400,setl_EDF7BABA719741,pay_5A0E326B2E2D46,UTR743739164302,order_540286538CC048,rcpt_5e99dd0013,upi,,,,
pay_15DFE1FE9E4843,payment,0,279855,286619,INR,5732,1032,0,1,1784289600,1784494800,setl_EDF7BABA719741,pay_15DFE1FE9E4843,UTR418951258154,order_2D38AABBC25943,rcpt_a74a5a8f24,upi,,,,
pay_2BD47EBDFDB54E,payment,0,204419,209360,INR,4187,754,0,1,1783861200,1784066400,setl_8ECF4B0C63D649,pay_2BD47EBDFDB54E,UTR582906386199,order_E107A14A9FF843,rcpt_3208371b2a,upi,,,,
pay_7F7D06CBEA234F,payment,0,173666,177863,INR,3557,640,0,1,1783285200,1783494000,setl_55F273DE6AD744,pay_7F7D06CBEA234F,UTR587634750250,order_543788EAA8814E,rcpt_ed77af46f8,netbanking,,,,
pay_C1706B1513314B,payment,0,284711,291593,INR,5832,1050,0,1,1785398400,1785571200,setl_D98264A81E7049,pay_C1706B1513314B,UTR388229824054,order_E3C1C51F503242,rcpt_6666796cbb,upi,,,,
pay_F15E70CCCD3948,payment,0,1290710,1321907,INR,26438,4759,0,1,1784955600,1785164400,setl_A12590E364114C,pay_F15E70CCCD3948,UTR234271501615,order_1E61C3DD6C0C47,rcpt_6d63fb1cb7,upi,,,,
pay_80F433CA42DA44,payment,0,271737,278305,INR,5566,1002,0,1,1784682000,1784869200,setl_7458F1AB9E2447,pay_80F433CA42DA44,UTR176828722315,order_838D03FAF5A547,rcpt_72dcc7bcfc,upi,,,,
pay_D3B5CF82A8D241,payment,0,57998,59431,INR,1214,219,0,1,1786629600,1786838400,setl_C9BB44BEC04545,pay_D3B5CF82A8D241,UTR468366410414,order_E33A131DE43640,rcpt_decc7e70ab,card,RuPay,SBIN,debit,
pay_26A8CC847DDA4E,payment,0,284504,291381,INR,5828,1049,0,1,1783281600,1783461600,setl_10183DCCE3B949,pay_26A8CC847DDA4E,UTR918007192747,order_8C94D7ECEEB044,rcpt_49d98cf8c1,netbanking,,,,
pay_7AC38D831EB143,payment,0,1374406,1407627,INR,28153,5068,0,1,1786611600,1786816800,setl_7EA2D34F2CF54D,pay_7AC38D831EB143,UTR280191015337,order_C0E49C53175546,rcpt_53e1fc8f80,card,MasterCard,HDFC,debit,
pay_4D94A652F66348,payment,0,168578,172653,INR,3453,622,0,1,1785873600,1786060800,setl_4513A215B40946,pay_4D94A652F66348,UTR723871491950,order_7D4F729F841E4D,rcpt_94c0944c90,upi,,,,
pay_B3D6A3BD6C1740,payment,0,127021,130091,INR,2602,468,0,1,1785196800,1785380400,setl_B8325289100045,pay_B3D6A3BD6C1740,UTR825636114860,order_B12CD3D5E4E947,rcpt_12f0bf8687,card,RuPay,HDFC,credit,
pay_DCC1863A9ECA48,payment,0,72755,74513,INR,1490,268,0,1,1783090800,1783292400,setl_0A071D6AAAF242,pay_DCC1863A9ECA48,UTR054312400624,order_3793D248A5F044,rcpt_b79f5ac474,card,Amex,ICIC,credit,
pay_EC080A99BE814F,payment,0,2403989,2462095,INR,49242,8864,0,1,1785355200,1785567600,setl_D98264A81E7049,pay_EC080A99BE814F,UTR823283692007,order_E82E53A2529545,rcpt_98c2ddbe5e,card,Visa,HDFC,credit,
pay_8258806AD3144F,payment,0,216103,221327,INR,4427,797,0,1,1782975600,1783152000,setl_9BDF020EC30B48,pay_8258806AD3144F,UTR311952048344,order_3156AB5FD0A045,rcpt_7e32ddb924,upi,,,,
pay_903B2D4273E643,payment,0,239460,245248,INR,4905,883,0,1,1786604400,1786784400,setl_7EA2D34F2CF54D,pay_903B2D4273E643,UTR419474805671,order_EE9B50D99AD445,rcpt_39e6c4984b,upi,,,,
pay_B93132DD28AF45,payment,0,245020,250942,INR,5019,903,0,1,1784721600,1784934000,setl_7458F1AB9E2447,pay_B93132DD28AF45,UTR690552506465,order_D00E985B997645,rcpt_c2f63e4bc8,card,Visa,UTIB,debit,
pay_9205B563DECF45,payment,0,101619,104076,INR,2082,375,0,1,1785502800,1785682800,setl_522FF05F4FB240,pay_9205B563DECF45,UTR488775037020,order_C0C6C4D27D3C46,rcpt_8d13551bfa,upi,,,,
pay_0EBDECD3DE0B4C,payment,0,1900378,1946004,INR,38666,6960,0,1,1785243600,1785448800,setl_B8325289100045,pay_0EBDECD3DE0B4C,UTR935667018767,order_08CD1941A2CA4E,rcpt_99f53726d2,upi,,,,
pay_3EF97AF23F4E4B,payment,0,284576,291454,INR,5829,1049,0,1,1785481200,1785654000,setl_522FF05F4FB240,pay_3EF97AF23F4E4B,UTR536029511117,order_B14B0450957643,rcpt_3d93e96108,card,Visa,HDFC,credit,
pay_A423AEA5B27942,payment,0,1724314,1765992,INR,35320,6358,0,1,1785528000,1785740400,setl_B07E9972089140,pay_A423AEA5B27942,UTR209260189733,order_FEF1B19420B941,rcpt_a63ec3ae19,card,MasterCard,UTIB,credit,
pay_74925E49AC9641,payment,0,39467,40420,INR,808,145,0,1,1784800800,1784998800,setl_84271C1974A345,pay_74925E49AC9641,UTR879031570273,order_097C9DA061D04A,rcpt_95f65ad982,netbanking,,,,
pay_9D3E7D63F7C742,payment,0,49186,50374,INR,1007,181,0,1,1784059200,1784275200,setl_98F450A7753344,pay_9D3E7D63F7C742,UTR746812966893,order_FA0837E9930E49,rcpt_9532392477,card,RuPay,UTIB,debit,
pay_64ED04D4506740,payment,0,60288,61745,INR,1235,222,0,1,1785160800,1785348000,setl_EFE4C2035A674E,pay_64ED04D4506740,UTR767424302634,order_F4CC642DBC7E44,rcpt_d9fd5e0c1f,upi,,,,
pay_31F502C02D7A4C,payment,0,188367,192656,INR,3635,654,0,1,1785927600,1786107600,setl_4513A215B40946,pay_31F502C02D7A4C,UTR597792154953,order_6CF95DDFB54148,rcpt_e9c847131e,card,MasterCard,SBIN,debit,
pay_D668082A305C48,payment,0,29705,30422,INR,608,109,0,1,1783573200,1783774800,setl_AB36E391E9374B,pay_D668082A305C48,UTR559819976223,order_9462DC19BBE44A,rcpt_3bd1cc00ec,card,MasterCard,HDFC,debit,
pay_F47AFC2D7D7744,payment,0,287710,294664,INR,5893,1061,0,1,1784520000,1784703600,setl_61442B0D09F247,pay_F47AFC2D7D7744,UTR359835502557,order_C4BC3C2B52214E,rcpt_65349d4800,upi,,,,
pay_EFA614C782B34C,payment,0,265269,271681,INR,5434,978,0,1,1785229200,1785438000,setl_B8325289100045,pay_EFA614C782B34C,UTR457994000574,order_A8BA7995E13E48,rcpt_fc788ac3a5,card,RuPay,UTIB,debit,
pay_4733718870C948,payment,0,139893,143274,INR,2865,516,0,1,1784160000,1784365200,setl_494FF39531404B,pay_4733718870C948,UTR436740895982,order_9223F482DC4C44,rcpt_058695dbe1,card,Amex,HDFC,debit,
pay_0A7C3212D6DE4B,payment,0,208836,213884,INR,4278,770,0,1,1786755600,1786968000,setl_03302C65A87F40,pay_0A7C3212D6DE4B,UTR068851521411,order_64A91AA851B44D,rcpt_811ec188b7,upi,,,,
pay_8C8919DD04414D,payment,0,5095387,5218545,INR,104371,18787,0,1,1785229200,1785409200,setl_B8325289100045,pay_8C8919DD04414D,UTR792498763199,order_C7C36FF77D714A,rcpt_c76155a955,wallet,,,,
pay_F052B41F56AC47,payment,0,54204,55841,INR,1387,250,0,1,1783515600,1783713600,setl_979C5421FB444A,pay_F052B41F56AC47,UTR665493030881,order_90D1B65AA3F94D,rcpt_360479cd75,card,RuPay,SBIN,credit,
pay_F44B90AA627841,payment,0,177553,181845,INR,3637,655,0,1,1785949200,1786147200,setl_F9016C0C79F348,pay_F44B90AA627841,UTR877940448125,order_85BA0DE99F1747,rcpt_3d2dd272fc,netbanking,,,,
pay_3B2A8C99896D4B,payment,0,118335,121195,INR,2424,436,0,1,1784962800,1785135600,setl_A12590E364114C,pay_3B2A8C99896D4B,UTR933118796921,order_B065CF19C7AC4A,rcpt_02df08c1a9,card,Visa,HDFC,credit,
pay_EFA614C782B34C,payment,0,265269,271681,INR,5434,978,0,1,1785229200,1785438000,setl_B8325289100045,pay_EFA614C782B34C,UTR457994000574,order_A8BA7995E13E48,rcpt_82c8c1fbc9,card,RuPay,KKBK,debit,
pay_9305191EFC8241,payment,0,2241849,2296036,INR,45921,8266,0,1,1785110400,1785319200,setl_EFE4C2035A674E,pay_9305191EFC8241,UTR471555341667,order_B96FE265A3ED45,rcpt_3be5b4ecf7,card,Visa,UTIB,debit,
pay_4E0D6BB7E78B40,payment,0,1382618,1416037,INR,28321,5098,0,1,1783076400,1783249200,setl_0A071D6AAAF242,pay_4E0D6BB7E78B40,UTR234624618772,order_F23F337871554B,rcpt_874afbed6e,card,RuPay,HDFC,debit,
pay_2A361C46AD364C,payment,0,711502,728699,INR,14574,2623,0,1,1783828800,1784037600,setl_8ECF4B0C63D649,pay_2A361C46AD364C,UTR445745948582,order_6FB7E756CBF340,rcpt_6c5ef522e3,upi,,,,
pay_441D39D383B34C,payment,0,145033,148597,INR,3020,544,0,1,1786489200,1786701600,setl_7BCA560282254B,pay_441D39D383B34C,UTR710464293844,order_2465F357A7264F,rcpt_31991988dc,upi,,,,
pay_5CE7F47EAD0746,payment,0,150054,153681,INR,3074,553,0,1,1785452400,1785650400,setl_522FF05F4FB240,pay_5CE7F47EAD0746,UTR931048847678,order_4F3F8792EF3F47,rcpt_939be96a71,card,RuPay,UTIB,debit,
pay_A36DC2C69DEE4E,payment,0,34908,35752,INR,715,129,0,1,1783972800,1784178000,setl_9C4106F668094D,pay_A36DC2C69DEE4E,UTR391377188535,order_B6A36143362840,rcpt_edad3ab2e6,card,Visa,KKBK,credit,
pay_2002511A7FE84A,payment,0,19396482,19865303,INR,397306,71515,0,1,1786806000,1787583600,setl_BBF3FB55B61242,pay_2002511A7FE84A,UTR096938088280,order_FA0B94436CAF4F,rcpt_daf1881cbb,card,Amex,HDFC,credit,
pay_970AE20C923941,payment,0,89385,91546,INR,1831,330,0,1,1785229200,1785416400,setl_B8325289100045,pay_970AE20C923941,UTR172379725317,order_C70BF3538D7942,rcpt_edd466e997,card,Visa,KKBK,credit,
pay_380C8DA0DA7F4E,payment,0,42958,43996,INR,880,158,0,1,1786158000,1786330800,setl_771746A59A394C,pay_380C8DA0DA7F4E,UTR240892337489,order_57C70B92F6004F,rcpt_a717f5e049,upi,,,,
pay_1D9BD33FFE1F40,payment,0,11847106,12133455,INR,242669,43680,0,1,1784322000,1784527200,setl_2BED339E9C2B48,pay_1D9BD33FFE1F40,UTR504991442252,order_F8921245C67E41,rcpt_19d234b605,upi,,,,
pay_F9F0AA28E27E4A,payment,0,27170,27827,INR,557,100,0,1,1784872800,1785060000,setl_305E654BA1DD49,pay_F9F0AA28E27E4A,UTR368603177345,order_841D1E2071C44D,rcpt_288719ffca,upi,,,,
pay_B5B9B1366D294B,payment,0,18570209,19019157,INR,380464,68484,0,1,1785790800,1785963600,setl_3986A7C3CB8B43,pay_B5B9B1366D294B,UTR144750507790,order_076C44E435174C,rcpt_11e730abcf,card,Amex,HDFC,debit,
pay_8646FC0BB7FD47,payment,0,172009,176166,INR,3523,634,0,1,1786122000,1786309200,setl_7CCCC6597F4F45,pay_8646FC0BB7FD47,UTR877075676922,order_8E8D78E8DF3745,rcpt_4bf83090d4,upi,,,,
pay_D40D353604C84C,payment,0,20185204,20673089,INR,413462,74423,0,1,1785733200,1785949200,setl_3986A7C3CB8B43,pay_D40D353604C84C,UTR398814986731,order_4BB4471DE01245,rcpt_818233d828,wallet,,,,
pay_C49ADB60B58C42,payment,0,128487,131593,INR,2632,474,0,1,1784156400,1784361600,setl_494FF39531404B,pay_C49ADB60B58C42,UTR761566393497,order_44A56318D49040,rcpt_ad306e3ddb,upi,,,,
pay_7CBBD69F288040,payment,0,158943,162785,INR,3256,586,0,1,1784962800,1785153600,setl_A12590E364114C,pay_7CBBD69F288040,UTR921281860296,order_1E3B7362C1DC46,rcpt_325b392ad9,wallet,,,,
pay_5F7E9A5E462C4D,payment,0,143441,146908,INR,2938,529,0,1,1786503600,1786716000,setl_7BCA560282254B,pay_5F7E9A5E462C4D,UTR177740360548,order_700D5470AC5242,rcpt_44bf019759,upi,,,,
pay_D44DBDB8368548,payment,0,85940,87787,INR,1565,282,0,1,1783080000,1783296000,setl_3631ADE9199040,pay_D44DBDB8368548,UTR753614336493,order_9249C322050F4C,rcpt_667b4aa293,upi,,,,
pay_7C3268361F2941,payment,0,132816,136027,INR,2721,490,0,1,1786748400,1786935600,setl_03302C65A87F40,pay_7C3268361F2941,UTR127760528364,order_CC0460701D8F42,rcpt_c56e9155a7,card,Amex,HDFC,credit,
pay_3F50EAE1C2914C,payment,0,225811,231268,INR,4625,832,0,1,1784250000,1785459600,setl_555D16131E8C4E,pay_3F50EAE1C2914C,UTR478674916720,order_798B800301F747,rcpt_f42597c7a8,upi,,,,
pay_889B61EA19754A,payment,0,114253,117014,INR,2340,421,0,1,1786226400,1786438800,setl_1756E8E3D82840,pay_889B61EA19754A,UTR434953016103,order_9B0458C45FB74B,rcpt_a3914ef44e,card,Visa,HDFC,credit,
pay_8B9A49ABBE7F4A,payment,0,234596,240266,INR,4805,865,0,1,1783839600,1784055600,setl_8ECF4B0C63D649,pay_8B9A49ABBE7F4A,UTR702396251890,order_3894A7AB902044,rcpt_e6178d45d1,upi,,,,
pay_90E70CC68E4640,payment,0,833905,854182,INR,17184,3093,0,1,1783371600,1783555200,setl_5223F6AD80A24C,pay_90E70CC68E4640,UTR028607844812,order_2104C06FF5A547,rcpt_323fec8166,card,RuPay,HDFC,debit,
pay_291B9F1A61D441,payment,0,246918,252886,INR,5058,910,0,1,1786122000,1786316400,setl_7CCCC6597F4F45,pay_291B9F1A61D441,UTR013579867996,order_C3FADC3C3AE74E,rcpt_cb8c2158a4,card,RuPay,UTIB,credit,
pay_5956731CEE3041,payment,0,9008770,9226515,INR,184530,33215,0,1,1785445200,1785661200,setl_522FF05F4FB240,pay_5956731CEE3041,UTR519656033593,order_B95E7FA4B34D4A,rcpt_c993845a7a,card,MasterCard,KKBK,debit,
pay_B32BDD8D17C74E,payment,0,2362876,2419988,INR,48400,8712,0,1,1785672000,1785862800,setl_63C0BDAE754B4B,pay_B32BDD8D17C74E,UTR337921120328,order_7C466EB7141948,rcpt_f5b7ea2f78,upi,,,,
pay_F1C6588A9B484E,payment,0,118827,121699,INR,2434,438,0,1,1785114000,1785290400,setl_EFE4C2035A674E,pay_F1C6588A9B484E,UTR660717628493,order_A26A74587C6042,rcpt_62f4daeaac,upi,,,,
pay_4DF72C21239443,payment,0,22318136,22857574,INR,457151,82287,0,1,1783094400,1783281600,setl_0A071D6AAAF242,pay_4DF72C21239443,UTR987553420588,order_9E0CF2C5712342,rcpt_1d6b1ee880,upi,,,,
pay_34FA3BAD603444,payment,0,374133,383050,INR,7557,1360,0,1,1785639600,1785837600,setl_63C0BDAE754B4B,pay_34FA3BAD603444,UTR670766989968,order_6659FA28380E40,rcpt_3f4a3786ac,upi,,,,
pay_9CDD11462B4B48,payment,0,259371,265640,INR,5313,956,0,1,1784728800,1784919600,setl_7458F1AB9E2447,pay_9CDD11462B4B48,UTR955172725124,order_C9DDCAFC1B5246,rcpt_a31e8bcd94,upi,,,,
pay_9C7F66B84D0345,payment,0,1393299,1426976,INR,28540,5137,0,1,1783076400,1783854000,setl_7BCCFB39140247,pay_9C7F66B84D0345,UTR728893138244,order_C735BF6224574F,rcpt_920376003d,card,RuPay,HDFC,debit,
pay_EBABEB457AFD45,payment,0,1953151,2000359,INR,40007,7201,0,1,1783483200,1783663200,setl_979C5421FB444A,pay_EBABEB457AFD45,UTR627556796531,order_AA50111761C04F,rcpt_ad34fb00b0,card,MasterCard,UTIB,debit,
pay_E588CB947CFC49,payment,0,2007793,2056322,INR,41126,7403,0,1,1783342800,1783519200,setl_55F273DE6AD744,pay_E588CB947CFC49,UTR509254968127,order_69564DA7276A4B,rcpt_9f4e74cdce,upi,,,,
pay_9B1A953C8E104B,payment,0,266278,272714,INR,5454,982,0,1,1783285200,1783494000,setl_55F273DE6AD744,pay_9B1A953C8E104B,UTR303045880368,order_3F8DD23C7B614F,rcpt_5584a74fa7,card,RuPay,ICIC,credit,
pay_E3C2DA988B0746,payment,0,259799,266079,INR,5322,958,0,1,1783756800,1783969200,setl_89FA3C15BDF545,pay_E3C2DA988B0746,UTR654201295053,order_0C6BCDF503714A,rcpt_4c72b857c7,netbanking,,,,
pay_24390951801540,payment,0,249597,255630,INR,5113,920,0,1,1784779200,1784991600,setl_84271C1974A345,pay_24390951801540,UTR242144005638,order_AECDD32BF46141,rcpt_9c38108239,upi,,,,
pay_92E6F14B9C5F44,payment,0,2167923,2220322,INR,44406,7993,0,1,1784959200,1785135600,setl_A12590E364114C,pay_92E6F14B9C5F44,UTR859399204963,order_6BA3C9810CA24C,rcpt_a51920a79b,upi,,,,
pay_65D4645729F248,payment,0,2298656,2354215,INR,47084,8475,0,1,1784458800,1784635200,setl_2D9F9BB2F67141,pay_65D4645729F248,UTR093783510644,order_719538F2237E48,rcpt_f931954b98,card,MasterCard,SBIN,credit,
pay_58C1577CA5EF47,payment,0,81160,83121,INR,1662,299,0,1,1783454400,1783634400,setl_5223F6AD80A24C,pay_58C1577CA5EF47,UTR416850243764,order_EABE7981223141,rcpt_47f7217c0a,card,Amex,UTIB,debit,
pay_8A9E40ECA4694B,payment,0,253268,259390,INR,5188,934,0,1,1783368000,1783580400,setl_5223F6AD80A24C,pay_8A9E40ECA4694B,UTR637724990569,order_13CDDB8BE4F546,rcpt_53027f4888,card,MasterCard,SBIN,debit,
pay_A348B68B3DD148,payment,0,117942,120793,INR,2416,435,0,1,1783422000,1783609200,setl_5223F6AD80A24C,pay_A348B68B3DD148,UTR215308858518,order_7AE9AD574F064D,rcpt_373f768cd7,wallet,,,,
pay_C6BA2E9EA96B47,payment,0,1866175,1911282,INR,38226,6881,0,1,1786536000,1786752000,setl_7EA2D34F2CF54D,pay_C6BA2E9EA96B47,UTR252449319577,order_DF0C1332317B42,rcpt_36f084a45b,card,Amex,HDFC,debit,
pay_1FEB17BF748344,payment,0,32943,33739,INR,675,121,0,1,1783119600,1783328400,setl_3631ADE9199040,pay_1FEB17BF748344,UTR063394165524,order_11081A3173C848,rcpt_b31b75ef0c,upi,,,,
pay_52C39254A58242,payment,0,152162,155840,INR,3117,561,0,1,1783825200,1784023200,setl_8ECF4B0C63D649,pay_52C39254A58242,UTR937700754349,order_8631B051BD9140,rcpt_3ab64d830d,upi,,,,
pay_3F382ABF3CEF4A,payment,0,843176,863556,INR,17271,3109,0,1,1784602800,1784811600,setl_A4A67F5DD08E4E,pay_3F382ABF3CEF4A,UTR106868088195,order_DB73880D5A0E42,rcpt_1a4e7f4802,upi,,,,
pay_4A6BC236EB9741,payment,0,207662,212682,INR,4254,766,0,1,1783533600,1783738800,setl_AB36E391E9374B,pay_4A6BC236EB9741,UTR056598952171,order_47A40EA2235E4E,rcpt_4bbedf27dc,card,RuPay,ICIC,credit,
pay_D9E7E36AD5D040,payment,0,165944,169955,INR,3399,612,0,1,1783396800,1783609200,setl_5223F6AD80A24C,pay_D9E7E36AD5D040,UTR108564334675,order_CF434B777B1C46,rcpt_9e5de7f169,upi,,,,
pay_88A9C02DC41D4C,payment,0,177702,181997,INR,3640,655,0,1,1785787200,1785960000,setl_3986A7C3CB8B43,pay_88A9C02DC41D4C,UTR833764372439,order_79D50E1EF12144,rcpt_0bede6298d,upi,,,,
pay_C99341A845CF4A,payment,0,157337,161140,INR,3223,580,0,1,1785754800,1785927600,setl_3986A7C3CB8B43,pay_C99341A845CF4A,UTR118894403613,order_749DC854DB0147,rcpt_0997df281b,upi,,,,
pay_93356A543FC64D,payment,0,1881477,1926953,INR,38539,6937,0,1,1784502000,1784678400,setl_61442B0D09F247,pay_93356A543FC64D,UTR507846053716,order_E542FF37980244,rcpt_db60b378a8,card,Visa,HDFC,debit,
pay_7CB3B1344CCB47,payment,0,9488831,9718181,INR,194364,34986,0,1,1784995200,1785171600,setl_A12590E364114C,pay_7CB3B1344CCB47,UTR665026931476,order_31EF879AD4374A,rcpt_ad2bebab36,upi,,,,
pay_5563EBB9A5554C,payment,0,98259,100634,INR,2013,362,0,1,1786064400,1786262400,setl_7CCCC6597F4F45,pay_5563EBB9A5554C,UTR136620358635,order_6D09B8DC07B64D,rcpt_5d7f62e7e5,upi,,,,
pay_B416849E656846,payment,0,1085747,1111990,INR,22240,4003,0,1,1785733200,1785938400,setl_3986A7C3CB8B43,pay_B416849E656846,UTR921816021229,order_CF47BAAEADA842,rcpt_beec792455,upi,,,,
pay_8B37171C94614E,payment,0,135207,138476,INR,2770,499,0,1,1786003200,1786219200,setl_F9016C0C79F348,pay_8B37171C94614E,UTR567417066870,order_C6918E468CC241,rcpt_ac20a99edb,card,MasterCard,SBIN,credit,
pay_602AF04EAFE847,payment,0,135704,138984,INR,2780,500,0,1,1786453200,1786647600,setl_96EF7EDCC4D54C,pay_602AF04EAFE847,UTR861234139727,order_4FE9D1CD88AD42,rcpt_364b8e27dd,upi,,,,
pay_6BEDDE93DD784B,payment,0,1751759,1794100,INR,35882,6459,0,1,1786107600,1786287600,setl_7CCCC6597F4F45,pay_6BEDDE93DD784B,UTR908900517790,order_90BCA7E83E4B48,rcpt_307e567e0e,card,Visa,UTIB,credit,
pay_DBA33A2B783240,payment,0,251079,256896,INR,4930,887,0,1,1786496400,1786680000,setl_7BCA560282254B,pay_DBA33A2B783240,UTR380681751771,order_D51A384F427E44,rcpt_f86834edbb,wallet,,,,
pay_F703ED8D6D0040,payment,0,2316170,2372153,INR,47443,8540,0,1,1785171600,1785384000,setl_B8325289100045,pay_F703ED8D6D0040,UTR320784205465,order_B0E84A05B22844,rcpt_9aad23c5ee,card,Amex,UTIB,debit,
pay_90E55766513F4C,payment,0,86767,88864,INR,1777,320,0,1,1783882800,1784088000,setl_455D3397B7A242,pay_90E55766513F4C,UTR850748022055,order_46E6960CED474C,rcpt_056ada52b0,card,Amex,SBIN,debit,
pay_CAF5253D19E344,payment,0,2337696,2394199,INR,47884,8619,0,1,1784451600,1784656800,setl_2D9F9BB2F67141,pay_CAF5253D19E344,UTR547866481287,order_022D4376101C41,rcpt_0b51002130,wallet,,,,
pay_BFFD3B2A8A2D4A,payment,0,104637,107028,INR,2026,365,0,1,1784116800,1784289600,setl_98F450A7753344,pay_BFFD3B2A8A2D4A,UTR174064045602,order_F75F8B1CFF9342,rcpt_880f75cad4,card,RuPay,SBIN,debit,
pay_584F1EE6A3B046,payment,0,37834,38749,INR,775,140,0,1,1784307600,1785430800,setl_B8325289100045,pay_584F1EE6A3B046,UTR894603308174,order_452E88EA614F42,rcpt_720d219f19,card,MasterCard,SBIN,debit,
pay_8C1B5A80B71449,payment,0,25868,26493,INR,530,95,0,1,1785945600,1786132800,setl_4513A215B40946,pay_8C1B5A80B71449,UTR458126535405,order_4A171AE3BFB84A,rcpt_ca46b58634,upi,,,,
pay_2B76C4955D3649,payment,0,187554,192088,INR,3842,692,0,1,1785981600,1786154400,setl_F9016C0C79F348,pay_2B76C4955D3649,UTR119467335591,order_FB214D2BC62246,rcpt_78caa20431,card,Visa,UTIB,credit,
pay_C866196BF63A4B,payment,0,152692,156383,INR,3128,563,0,1,1786078800,1786294800,setl_7CCCC6597F4F45,pay_C866196BF63A4B,UTR753298843551,order_60DB6E4816B04B,rcpt_5aaeab16eb,wallet,,,,
pay_27D2375BBDA145,payment,0,125147,128171,INR,2563,461,0,1,1784512800,1784696400,setl_61442B0D09F247,pay_27D2375BBDA145,UTR405114178916,order_E915FA52821141,rcpt_8464432d27,netbanking,,,,
pay_CBE9B3B12E0A4C,payment,0,202240,207129,INR,4143,746,0,1,1786431600,1786626000,setl_96EF7EDCC4D54C,pay_CBE9B3B12E0A4C,UTR599168781099,order_CE3A9606724845,rcpt_8e5f9aaecb,card,Amex,ICIC,debit,
pay_43A00026E1D24B,payment,0,187645,192181,INR,3844,692,0,1,1786291200,1786474800,setl_1756E8E3D82840,pay_43A00026E1D24B,UTR417604346988,order_077C1F499A4C43,rcpt_4842ccade4,upi,,,,
pay_E2B3BFB61B0440,payment,0,1719067,1760683,INR,35268,6348,0,1,1784257200,1784462400,setl_EDF7BABA719741,pay_E2B3BFB61B0440,UTR815779152909,order_1A5C469A92E948,rcpt_0a155e5ef0,card,MasterCard,SBIN,credit,
pay_4BAD0712BA5447,payment,0,271853,278423,INR,5568,1002,0,1,1783562400,1783774800,setl_AB36E391E9374B,pay_4BAD0712BA5447,UTR727694215908,order_3960F7C361E047,rcpt_a172b01797,netbanking,,,,
pay_6723835AB8D445,payment,0,255832,262015,INR,5240,943,0,1,1783112400,1784322000,setl_98F450A7753344,pay_6723835AB8D445,UTR968349233195,order_AD329B2BD48745,rcpt_556a62506f,netbanking,,,,
pay_D19F6E0021F84A,payment,0,187885,192427,INR,3849,693,0,1,1786280400,1786492800,setl_6456014736CE47,pay_D19F6E0021F84A,UTR285448757578,order_46BD7437040D43,rcpt_9fbf869d02,upi,,,,
pay_57FC92D5ACA540,payment,0,21849517,22377947,INR,447822,80608,0,1,1785092400,1785265200,setl_BFFA6CD4ADB047,pay_57FC92D5ACA540,UTR108645130185,order_8A3AF176D65949,rcpt_c3bc13b35d,card,Amex,ICIC,credit,
pay_6AC0F7ADCB2A42,payment,0,1454782,1489945,INR,29799,5364,0,1,1783191600,1783393200,setl_10183DCCE3B949,pay_6AC0F7ADCB2A42,UTR971445217232,order_1D76BE9EF53E4E,rcpt_6c42fbdcd4,wallet,,,,
pay_973E09F5796A4E,payment,0,12635268,12940667,INR,258813,46586,0,1,1784811600,1785013200,setl_84271C1974A345,pay_973E09F5796A4E,UTR819156189010,order_BF52E4F69D674E,rcpt_e1649bb1b5,wallet,,,,
pay_08C6E7FDF82840,payment,0,1626055,1665357,INR,33307,5995,0,1,1783468800,1783641600,setl_979C5421FB444A,pay_08C6E7FDF82840,UTR395530574100,order_135D1BE2C91D46,rcpt_c91ce9cea2,upi,,,,
pay_A382A4C998D840,payment,0,611553,626335,INR,12527,2255,0,1,1783486800,1783688400,setl_979C5421FB444A,pay_A382A4C998D840,UTR175942816463,order_C3BBBBD6FD954E,rcpt_3f15bf99b4,card,Amex,SBIN,debit,
pay_471295BAF5FA41,payment,0,36635,37520,INR,750,135,0,1,1783166400,1783382400,setl_10183DCCE3B949,pay_471295BAF5FA41,UTR256128288105,order_0B0D217F1E3846,rcpt_854b3cbb0f,card,RuPay,ICIC,credit,
pay_9B3A00D0A5AD46,payment,0,1053673,1079141,INR,21583,3885,0,1,1783504800,1783692000,setl_979C5421FB444A,pay_9B3A00D0A5AD46,UTR588281134833,order_F78B8964D2ED46,rcpt_3e4a87d119,upi,,,,
pay_BDF4493CD6CF47,payment,0,2392412,2450238,INR,49005,8821,0,1,1783152000,1784188800,setl_9C4106F668094D,pay_BDF4493CD6CF47,UTR078915274657,order_69D316E8EBE141,rcpt_89592a6962,upi,,,,
pay_DB92C5DE31E542,payment,0,160242,164115,INR,3282,591,0,1,1784631600,1784822400,setl_A4A67F5DD08E4E,pay_DB92C5DE31E542,UTR347975044554,order_87E2C92DEE654E,rcpt_70e0ccc1b2,upi,,,,
pay_EC01F888911E46,payment,0,1862438,1907454,INR,38149,6867,0,1,1786298400,1786489200,setl_1756E8E3D82840,pay_EC01F888911E46,UTR460072772832,order_04531CCDF6494F,rcpt_3f73c74642,card,Amex,KKBK,credit,
pay_7DB5F7C65F5044,payment,0,122108,125059,INR,2501,450,0,1,1785164400,1785366000,setl_EFE4C2035A674E,pay_7DB5F7C65F5044,UTR556948981556,order_CAE893E2E0044F,rcpt_1bba7f1564,upi,,,,
pay_DF84DC6C2B9143,payment,0,17514,18007,INR,418,75,0,1,1784044800,1784217600,setl_9C4106F668094D,pay_DF84DC6C2B9143,UTR182735684550,order_CA5CD1B21A944D,rcpt_51fb73a378,upi,,,,
pay_28B11B39646349,payment,0,55315,56652,INR,1133,204,0,1,1784160000,1784354400,setl_494FF39531404B,pay_28B11B39646349,UTR852663853579,order_EFF312A1FCAF4B,rcpt_e06575e512,upi,,,,
pay_8A58159F13D342,payment,0,145788,149311,INR,2986,537,0,1,1784012400,1784962800,setl_84271C1974A345,pay_8A58159F13D342,UTR618112300766,order_F73B11FFDAE74A,rcpt_171d8b4e4b,netbanking,,,,
pay_0BBD0234BEB64D,payment,0,104748,107280,INR,2146,386,0,1,1783792800,1783976400,setl_89FA3C15BDF545,pay_0BBD0234BEB64D,UTR432365054298,order_81157726E6B247,rcpt_c7392a1703,wallet,,,,
pay_E9B3E159702948,payment,0,35116,35964,INR,719,129,0,1,1783857600,1784055600,setl_8ECF4B0C63D649,pay_E9B3E159702948,UTR539215530829,order_71F4CDE96BF149,rcpt_30606ed15a,netbanking,,,,
pay_2845B56E65544D,payment,0,26971,27622,INR,552,99,0,1,1784026800,1784206800,setl_9C4106F668094D,pay_2845B56E65544D,UTR492129897891,order_079362557A9F4B,rcpt_d6b2e60e46,card,MasterCard,HDFC,credit,
pay_9E9FB10593FA46,payment,0,246901,252868,INR,5057,910,0,1,1786291200,1786478400,setl_1756E8E3D82840,pay_9E9FB10593FA46,UTR322258380915,order_691915C60D104B,rcpt_2b2609319a,netbanking,,,,
pay_BC48E35035114F,payment,0,147871,151445,INR,3029,545,0,1,1784588400,1784804400,setl_A4A67F5DD08E4E,pay_BC48E35035114F,UTR954223154075,order_3477F8F5BE8144,rcpt_fd15712607,netbanking,,,,
pay_47CC94C8A0BA4D,payment,0,678430,694828,INR,13897,2501,0,1,1785686400,1785870000,setl_63C0BDAE754B4B,pay_47CC94C8A0BA4D,UTR472702513584,order_1C9CA92F954046,rcpt_169755f3a2,netbanking,,,,
pay_95A47C3C331C43,payment,0,79240,81155,INR,1623,292,0,1,1783656000,1783854000,setl_7BCCFB39140247,pay_95A47C3C331C43,UTR049325080872,order_606CB3CB3C2747,rcpt_bd4c5f6056,wallet,,,,
pay_08B533A5B7E543,payment,0,29017,29718,INR,594,107,0,1,1785819600,1786035600,setl_31338DAF247B41,pay_08B533A5B7E543,UTR923886849260,order_8D2341EE542A41,rcpt_acf017b9fb,upi,,,,
pay_94A915F411374E,payment,0,1049967,1075345,INR,21507,3871,0,1,1786244400,1786438800,setl_1756E8E3D82840,pay_94A915F411374E,UTR251283161432,order_A617E9DB9A5545,rcpt_bf8ef9d844,card,RuPay,UTIB,credit,
pay_653121DB90234C,payment,0,335023,343120,INR,6862,1235,0,1,1784523600,1784707200,setl_61442B0D09F247,pay_653121DB90234C,UTR446652561969,order_927A3B0124044A,rcpt_a948352f18,upi,,,,
pay_AF417C3A506647,payment,0,212101,217228,INR,4345,782,0,1,1784520000,1784714400,setl_61442B0D09F247,pay_AF417C3A506647,UTR395263785673,order_A2A5368F335848,rcpt_a01a67a176,card,MasterCard,ICIC,credit,
pay_F03D4B7809E149,payment,0,189170,193742,INR,3875,697,0,1,1785765600,1785981600,setl_31338DAF247B41,pay_F03D4B7809E149,UTR075584997712,order_DB15D6A2FE4E4C,rcpt_64a369b379,upi,,,,
pay_A99ACA13396C4B,payment,0,53365,54655,INR,1093,197,0,1,1784631600,1784829600,setl_A4A67F5DD08E4E,pay_A99ACA13396C4B,UTR885449631725,order_431261F491AC49,rcpt_dbc3b556a4,card,RuPay,KKBK,credit,
pay_5720BD3572F54C,payment,0,217030,222276,INR,4446,800,0,1,1782997200,1783198800,setl_9BDF020EC30B48,pay_5720BD3572F54C,UTR068248362215,order_A9F4BAEFDB4D45,rcpt_fc35502fb6,card,MasterCard,ICIC,debit,
pay_4B7E4AF038C543,payment,0,139604,142979,INR,2860,515,0,1,1785517200,1785715200,setl_B07E9972089140,pay_4B7E4AF038C543,UTR221067572473,order_8CED12F26C8048,rcpt_b882fe01cb,upi,,,,
pay_FF5811C42E6245,payment,0,1418874,1453168,INR,29063,5231,0,1,1784181600,1784376000,setl_494FF39531404B,pay_FF5811C42E6245,UTR860888378463,order_A1D2ECA7655B44,rcpt_56fb23f875,card,RuPay,KKBK,debit,
pay_A48D8D3A8EFA47,payment,0,1535527,1572642,INR,31453,5662,0,1,1785304800,1785499200,setl_555D16131E8C4E,pay_A48D8D3A8EFA47,UTR625953949403,order_596F722735A24D,rcpt_21e2c6dd34,card,MasterCard,HDFC,credit,
pay_C4F143BC4EC440,payment,0,1828094,1872619,INR,37733,6792,0,1,1786294800,1786474800,setl_1756E8E3D82840,pay_C4F143BC4EC440,UTR846406234347,order_ECE0ADA70B0049,rcpt_8a4c827fb2,card,Amex,ICIC,debit,
pay_80FB2B90BCF04D,payment,0,290959,297992,INR,5960,1073,0,1,1785052800,1785250800,setl_BFFA6CD4ADB047,pay_80FB2B90BCF04D,UTR837002923493,order_CA9966220D6D40,rcpt_4de2d8ad8b,card,RuPay,SBIN,debit,
pay_276879E8014349,payment,0,209222,214279,INR,4286,771,0,1,1785895200,1786100400,setl_4513A215B40946,pay_276879E8014349,UTR707595775020,order_F44090AB453D4F,rcpt_90c6a3f72a,upi,,,,
pay_E4CE98F14BE145,payment,0,198638,203439,INR,4069,732,0,1,1786554000,1786726800,setl_7BCA560282254B,pay_E4CE98F14BE145,UTR877122378768,order_4E3923D3CEF641,rcpt_469baa4c78,upi,,,,
pay_31DA53AEB04E48,payment,0,922431,944727,INR,18895,3401,0,1,1784314800,1784520000,setl_2BED339E9C2B48,pay_31DA53AEB04E48,UTR863417542822,order_CE216606A1BB4B,rcpt_d6266a55a7,netbanking,,,,
pay_9DBB9BAAECA94D,payment,0,354315,362879,INR,7258,1306,0,1,1784397600,1784602800,setl_2D9F9BB2F67141,pay_9DBB9BAAECA94D,UTR164025456473,order_BAAFAA20B4AC49,rcpt_5e6392d191,netbanking,,,,
pay_B0577C2401F641,payment,0,111908,114613,INR,2292,413,0,1,1785772800,1785967200,setl_3986A7C3CB8B43,pay_B0577C2401F641,UTR108409882081,order_CBE662E7E2294A,rcpt_77cef92846,wallet,,,,
pay_077BC705D9854E,payment,0,11358,11942,INR,495,89,0,1,1784768400,1784966400,setl_84271C1974A345,pay_077BC705D9854E,UTR057851601845,order_6717FDEA429247,rcpt_92b7ab24cd,wallet,,,,
pay_844A1FC235844A,payment,0,267838,274311,INR,5486,987,0,1,1785549600,1785747600,setl_B07E9972089140,pay_844A1FC235844A,UTR340120116164,order_1AAA66066C4A44,rcpt_3ff0d3101c,upi,,,,
pay_B1B9C664313148,payment,0,212556,217694,INR,4354,784,0,1,1783922400,1784138400,setl_455D3397B7A242,pay_B1B9C664313148,UTR808285574801,order_696F5FFF84BB4A,rcpt_8aa70b0248,upi,,,,
pay_BD137EC54FC445,payment,0,146296,149832,INR,2997,539,0,1,1783724400,1783926000,setl_89FA3C15BDF545,pay_BD137EC54FC445,UTR810452784497,order_9055A944DDD54A,rcpt_d26e53c20c,upi,,,,
pay_D7052559E1BD49,payment,0,118939,121813,INR,2436,438,0,1,1783681200,1783897200,setl_7BCCFB39140247,pay_D7052559E1BD49,UTR912496308062,order_EA78016673624E,rcpt_f5efa05808,card,Amex,ICIC,credit,
pay_6F84438D0E7347,payment,0,256762,262968,INR,5259,947,0,1,1783429200,1783616400,setl_5223F6AD80A24C,pay_6F84438D0E7347,UTR618530294336,order_60C7DE80D3C54C,rcpt_8dc270f293,card,Amex,KKBK,debit,
pay_484C79459EF148,payment,0,12686,12993,INR,260,47,0,1,1785290400,1785495600,setl_555D16131E8C4E,pay_484C79459EF148,UTR926162319925,order_42C3F4BB53A941,rcpt_d9ec6e758c,upi,,,,
pay_7E01A975EBBC45,payment,0,177531,181821,INR,3636,654,0,1,1783206000,1783389600,setl_10183DCCE3B949,pay_7E01A975EBBC45,UTR729313786897,order_FBCF7DF5DAB14B,rcpt_63f08702ee,card,Amex,UTIB,debit,
pay_464A6F39997F45,payment,0,22880,23433,INR,469,84,0,1,1784574000,1784754000,setl_61442B0D09F247,pay_464A6F39997F45,UTR030435832207,order_7D42FA1CAD134B,rcpt_8c1819cb2e,upi,,,,
pay_C6C11E5978F346,payment,0,88682,90825,INR,1816,327,0,1,1786518000,1786712400,setl_7BCA560282254B,pay_C6C11E5978F346,UTR580414264713,order_85B2ED3780F34F,rcpt_5353402654,upi,,,,
pay_48AFCF31049440,payment,0,102080,104547,INR,2091,376,0,1,1786165200,1786359600,setl_771746A59A394C,pay_48AFCF31049440,UTR228134059567,order_75ABEBD00E5242,rcpt_d156492224,upi,,,,
pay_172F93F3EC3642,payment,0,99914,102329,INR,2047,368,0,1,1785898800,1786089600,setl_4513A215B40946,pay_172F93F3EC3642,UTR002579429885,order_E12BE98F83CF43,rcpt_194d06a435,upi,,,,
pay_83114F084F3441,payment,0,47124,48263,INR,965,174,0,1,1785427200,1785621600,setl_D98264A81E7049,pay_83114F084F3441,UTR662732292189,order_BF5AE835D4034E,rcpt_94c91ebf96,upi,,,,
pay_AEC2B7FEC47C43,payment,0,171620,175768,INR,3515,633,0,1,1783317600,1783836000,setl_7BCCFB39140247,pay_AEC2B7FEC47C43,UTR475908147642,order_5FB35E1E529E43,rcpt_f5030c66b0,upi,,,,
pay_F14AD52D8E7C4B,payment,0,1421827,1456193,INR,29124,5242,0,1,1784739600,1784923200,setl_7458F1AB9E2447,pay_F14AD52D8E7C4B,UTR797608963367,order_B89B1A0BE77D4C,rcpt_356c4104ec,card,Visa,ICIC,credit,
pay_F31F8FFDCD7348,payment,0,46341,47461,INR,949,171,0,1,1786428000,1786615200,setl_96EF7EDCC4D54C,pay_F31F8FFDCD7348,UTR770846273095,order_70E444FFDB5F42,rcpt_32c1a2743d,netbanking,,,,
pay_5720BD3572F54C,payment,0,217030,222276,INR,4446,800,0,1,1782997200,1783198800,setl_9BDF020EC30B48,pay_5720BD3572F54C,UTR068248362215,order_A9F4BAEFDB4D45,rcpt_028d4fcc4c,netbanking,,,,
pay_84956370101242,payment,0,103820,106543,INR,2308,415,0,1,1786719600,1786910400,setl_C9BB44BEC04545,pay_84956370101242,UTR526259272714,order_87E8A8B4A6434B,rcpt_261567bebe,upi,,,,
pay_E61EA31F4A734C,payment,0,10393,10644,INR,213,38,0,1,1786327200,1786525200,setl_6456014736CE47,pay_E61EA31F4A734C,UTR554850563249,order_519304A0B7544B,rcpt_c3fe236c62,card,Visa,KKBK,debit,
pay_FE10072880754F,payment,0,247099,253071,INR,5061,911,0,1,1784358000,1784556000,setl_2BED339E9C2B48,pay_FE10072880754F,UTR815228965507,order_191E4E7396254C,rcpt_6c225a7565,card,Visa,UTIB,credit,
pay_0E3EF0B549E842,payment,0,172279,176443,INR,3529,635,0,1,1786014000,1786204800,setl_F9016C0C79F348,pay_0E3EF0B549E842,UTR335813329537,order_34018498F1A344,rcpt_cda4c638eb,upi,,,,
pay_4F2FD23F78CF40,payment,0,124225,127228,INR,2545,458,0,1,1786294800,1786489200,setl_1756E8E3D82840,pay_4F2FD23F78CF40,UTR891214868039,order_D83F8C5FB9D541,rcpt_df83ea80d1,upi,,,,
pay_F6F19217FA994F,payment,0,270780,277324,INR,5546,998,0,1,1784739600,1784948400,setl_84271C1974A345,pay_F6F19217FA994F,UTR251029119578,order_F4757D74D89F4A,rcpt_c1ae8ecb64,card,Visa,HDFC,credit,
pay_ED670F54DA0042,payment,0,2225048,2278829,INR,45577,8204,0,1,1782921600,1783094400,setl_034BDC35E35A46,pay_ED670F54DA0042,UTR214068312558,order_0918345816534F,rcpt_f3ef56cd68,card,RuPay,UTIB,credit,
pay_77F587AA2B4D4E,payment,0,476501,488018,INR,9760,1757,0,1,1783742400,1783926000,setl_89FA3C15BDF545,pay_77F587AA2B4D4E,UTR593921046672,order_8DA027802A8A4D,rcpt_22031f4acc,card,Amex,KKBK,credit,
pay_89EA129604DA4A,payment,0,177928,182229,INR,3645,656,0,1,1785708000,1785909600,setl_3986A7C3CB8B43,pay_89EA129604DA4A,UTR392841958252,order_64422A9C42AB41,rcpt_5bd0fd568a,netbanking,,,,
pay_2137754E3EB34B,payment,0,127342,130419,INR,2608,469,0,1,1785830400,1786014000,setl_31338DAF247B41,pay_2137754E3EB34B,UTR619195528046,order_BF3013189F5546,rcpt_8edf4a3b3c,card,MasterCard,KKBK,credit,
pay_C88F18A9D31247,payment,0,70911,72626,INR,1453,262,0,1,1786215600,1786734000,setl_7BCA560282254B,pay_C88F18A9D31247,UTR020952087999,order_66C69B72955647,rcpt_ba2fcad69f,netbanking,,,,
pay_C69DB6ED8E1B4F,payment,0,23492365,24060186,INR,481204,86617,0,1,1783202400,1783389600,setl_10183DCCE3B949,pay_C69DB6ED8E1B4F,UTR364147579273,order_080D9745F9FB46,rcpt_9e288ccd9a,netbanking,,,,
pay_09F28A226C8540,payment,0,161046,164939,INR,3299,594,0,1,1783872000,1784073600,setl_455D3397B7A242,pay_09F28A226C8540,UTR540135452315,order_61EC23B5AB3744,rcpt_daa67bebf3,upi,,,,
pay_422AE840E68749,payment,0,274463,281097,INR,5622,1012,0,1,1786424400,1786633200,setl_96EF7EDCC4D54C,pay_422AE840E68749,UTR912387266751,order_FDD0FAF068C946,rcpt_9b82aa7161,wallet,,,,
pay_62743D87C06D44,payment,0,295774,302922,INR,6058,1090,0,1,1785283200,1785488400,setl_555D16131E8C4E,pay_62743D87C06D44,UTR394113107726,order_EFCC9765366842,rcpt_3811a12fa9,card,MasterCard,UTIB,debit,
pay_6F908A6085254D,payment,0,688730,705377,INR,14108,2539,0,1,1785927600,1786107600,setl_4513A215B40946,pay_6F908A6085254D,UTR905379146162,order_513F366E67E44B,rcpt_f7e59b4b2e,card,Amex,KKBK,credit,
pay_6493206143BF44,payment,0,237590,243333,INR,4867,876,0,1,1785333600,1785510000,setl_555D16131E8C4E,pay_6493206143BF44,UTR573208545713,order_240B4AFD17814C,rcpt_2357d762e3,upi,,,,
pay_85134411D2FB4F,payment,0,61533,63020,INR,1260,227,0,1,1784502000,1784700000,setl_61442B0D09F247,pay_85134411D2FB4F,UTR228676519423,order_243C7DE0E2204F,rcpt_ac5b554d13,wallet,,,,
pay_2868A7D0D80F49,payment,0,1391003,1424625,INR,28493,5129,0,1,1785898800,1786107600,setl_4513A215B40946,pay_2868A7D0D80F49,UTR531049580193,order_B0533C045B0045,rcpt_4110042d6d,card,RuPay,ICIC,debit,
pay_7C05BD93CD0C45,payment,0,127114,130187,INR,2604,469,0,1,1784278800,1784494800,setl_EDF7BABA719741,pay_7C05BD93CD0C45,UTR764950184215,order_CFE390E0F5F144,rcpt_8a6743366a,card,RuPay,KKBK,credit,
pay_9566CE9263114C,payment,0,217277,222680,INR,4579,824,0,1,1785240000,1785420000,setl_B8325289100045,pay_9566CE9263114C,UTR061467440438,order_EB591449156842,rcpt_9762a87940,netbanking,,,,
pay_97D9633B53A744,payment,0,41815,42826,INR,857,154,0,1,1786777200,1786975200,setl_03302C65A87F40,pay_97D9633B53A744,UTR410983344340,order_34F234DA92D848,rcpt_9c8bc06f81,card,Amex,ICIC,credit,
pay_AC386516E5F141,payment,0,217908,223176,INR,4464,804,0,1,1786086000,1786294800,setl_7CCCC6597F4F45,pay_AC386516E5F141,UTR098076708588,order_19D2D39E5DBC4D,rcpt_5275fef658,card,Visa,SBIN,debit,
pay_CC4EB1E8D9F540,payment,0,21202211,21714678,INR,434294,78173,0,1,1784592000,1784786400,setl_A4A67F5DD08E4E,pay_CC4EB1E8D9F540,UTR750422150305,order_84BE2E0EBE304F,rcpt_1c5cf48267,upi,,,,
pay_6C05D9AE2B6940,payment,0,129327,132453,INR,2649,477,0,1,1786410000,1786590000,setl_96EF7EDCC4D54C,pay_6C05D9AE2B6940,UTR054890844432,order_3C30E68E8E9948,rcpt_4c6c0cb376,netbanking,,,,
pay_36056B4587374D,payment,0,191398,196024,INR,3920,706,0,1,1785880800,1786057200,setl_31338DAF247B41,pay_36056B4587374D,UTR786861745031,order_59A83739D06645,rcpt_834ecdcc5f,card,Amex,HDFC,debit,
pay_48E16B9A021C48,payment,0,89820,91991,INR,1840,331,0,1,1783263600,1783447200,setl_10183DCCE3B949,pay_48E16B9A021C48,UTR151239059757,order_4A378F928CC048,rcpt_395a460aac,upi,,,,
pay_05F3AD17F56741,payment,0,73553,75331,INR,1507,271,0,1,1785945600,1786136400,setl_4513A215B40946,pay_05F3AD17F56741,UTR565095219743,order_6251B7F3AD0B46,rcpt_3a0cb0f229,card,Amex,UTIB,credit,
pay_CFCEAD58DFF24A,payment,0,173801,178002,INR,3560,641,0,1,1783296000,1783468800,setl_55F273DE6AD744,pay_CFCEAD58DFF24A,UTR068894033318,order_E4AD188731AC46,rcpt_88f62c2f88,upi,,,,
pay_93023BA5C69440,payment,0,194583,199286,INR,3986,717,0,1,1784214000,1784394000,setl_494FF39531404B,pay_93023BA5C69440,UTR883793552475,order_E4F13C9EF4E440,rcpt_0ac1f786ae,upi,,,,
pay_302CE678D74740,payment,0,291700,298750,INR,5975,1075,0,1,1785632400,1785812400,setl_63C0BDAE754B4B,pay_302CE678D74740,UTR190557340343,order_C5CD510C0A1140,rcpt_6dba8ac746,upi,,,,
pay_62A8F9E82B514F,payment,0,1266027,1296628,INR,25933,4668,0,1,1784109600,1784322000,setl_98F450A7753344,pay_62A8F9E82B514F,UTR482106743927,order_802D9DBCF10C43,rcpt_e8b6bc6120,netbanking,,,,
pay_9DBB9BAAECA94D,payment,0,354315,362879,INR,7258,1306,0,1,1784397600,1784602800,setl_2D9F9BB2F67141,pay_9DBB9BAAECA94D,UTR164025456473,order_BAAFAA20B4AC49,rcpt_bde48abc28,netbanking,,,,
pay_961BAF0BE30540,payment,0,103543,106046,INR,2121,382,0,1,1786280400,1786456800,setl_1756E8E3D82840,pay_961BAF0BE30540,UTR311157116539,order_3CB72E21E75047,rcpt_115759f4f1,netbanking,,,,
pay_E8DB372626754F,payment,0,222023,227390,INR,4548,819,0,1,1784469600,1784642400,setl_2D9F9BB2F67141,pay_E8DB372626754F,UTR047894271162,order_00BF9C3C82D74D,rcpt_fe0d314232,upi,,,,
pay_64DD83D2B6BB4F,payment,0,224876,230311,INR,4606,829,0,1,1784124000,1784340000,setl_494FF39531404B,pay_64DD83D2B6BB4F,UTR249056730160,order_933B91CDAD1C49,rcpt_e30a147ed9,upi,,,,
pay_19856E9E46814A,payment,0,997990,1022112,INR,20442,3680,0,1,1786618800,1786827600,setl_7EA2D34F2CF54D,pay_19856E9E46814A,UTR847622367851,order_1B72D8E708E84A,rcpt_f059edbe3b,card,Amex,UTIB,credit,
pay_03FE5F97DE4440,payment,0,247661,253647,INR,5073,913,0,1,1784887200,1785088800,setl_305E654BA1DD49,pay_03FE5F97DE4440,UTR355086908394,ordre_A5446A2ADEE740,rcpt_9b5c0049d6,card,Amex,KKBK,debit,
pay_3AFEB03E0C1143,payment,0,1292534,1323724,INR,26432,4758,0,1,1786575600,1786770000,setl_7EA2D34F2CF54D,pay_3AFEB03E0C1143,UTR676533200095,order_957B0EDB1B5B43,rcpt_8019bf100b,upi,,,,
pay_115F08EE77C24F,payment,0,14924,15285,INR,306,55,0,1,1783407600,1784530800,setl_2BED339E9C2B48,pay_115F08EE77C24F,UTR858110531976,order_888E9CF4633C42,rcpt_c19a3e2675,wallet,,,,
pay_D5559A6CC2D94B,payment,0,818616,838402,INR,16768,3018,0,1,1784667600,1784854800,setl_7458F1AB9E2447,pay_D5559A6CC2D94B,UTR237189420725,order7_3A30578069D47,rcpt_ec5e92bd24,upi,,,,
pay_CE916D7C1BE54D,payment,0,281828,288640,INR,5773,1039,0,1,1786237200,1786417200,setl_1756E8E3D82840,pay_CE916D7C1BE54D,UTR112472488877,order_77C94E670BA243,rcpt_de3d2bd961,card,MasterCard,ICIC,debit,
pay_262C35EB1DB14C,payment,0,274498,281133,INR,5623,1012,0,1,1786636800,1786845600,setl_C9BB44BEC04545,pay_262C35EB1DB14C,UTR493856667215,order_CFEE7D0EEC5B41,rcpt_678a0e76df,card,Visa,UTIB,debit,
pay_C8840DA3F57644,payment,0,236454,242169,INR,4843,872,0,1,1786575600,1786777200,setl_7EA2D34F2CF54D,pay_C8840DA3F57644,UTR184408914006,order_D839F146196241,rcpt_03252ebebf,card,Visa,HDFC,debit,
pay_1E1B0AB70AF545,payment,0,1327261,1359342,INR,27187,4894,0,1,1783242000,1783418400,setl_10183DCCE3B949,pay_1E1B0AB70AF545,UTR590550565590,order_8FCF715203504A,rcpt_ea5560022c,card,Amex,KKBK,credit,
pay_7E10A7AA314846,payment,0,25407,26021,INR,520,94,0,1,1784325600,1784541600,setl_2BED339E9C2B48,pay_7E10A7AA314846,UTR765026310268,order_AB103299914643,rcpt_92256ed607,card,Amex,KKBK,debit,
pay_5E888248046842,payment,0,287765,294720,INR,5894,1061,0,1,1783335600,1783519200,setl_55F273DE6AD744,pay_5E888248046842,UTR984930425326,order_70AE5E8A22E044,rcpt_1bf38bccf4,card,Amex,HDFC,debit,
pay_5D468BAA138941,payment,0,102219,104690,INR,2094,377,0,1,1784883600,1785056400,setl_305E654BA1DD49,pay_5D468BAA138941,UTR199977814800,order_41B7ED3DF1AA4B,rcpt_bd7dead96d,upi,,,,
pay_E0461E19E28A40,payment,0,249961,256003,INR,5120,922,0,1,1784988000,1785189600,setl_A12590E364114C,pay_E0461E19E28A40,UTR625880093638,order_F5151D57F20845,rcpt_1761a8961d,upi,,,,
pay_0C2AE5E5536B47,payment,0,93034,95411,INR,2014,363,0,1,1786316400,1786528800,setl_6456014736CE47,pay_0C2AE5E5536B47,UTR602786154409,order_E8DC3B5A89694C,rcpt_519cf52bf2,netbanking,,,,
pay_212BDB7F991548,payment,0,6848450,7013980,INR,140280,25250,0,1,1783432800,1783612800,setl_5223F6AD80A24C,pay_212BDB7F991548,UTR908263481516,order_2BCEB85C5C754D,rcpt_c0ce06b407,card,RuPay,ICIC,debit,
pay_0F79B87B2D4C42,payment,0,591360,605653,INR,12113,2180,0,1,1786161600,1786363200,setl_771746A59A394C,pay_0F79B87B2D4C42,UTR827140973898,order_082F7B5894EA44,rcpt_37d94e802f,card,Amex,KKBK,credit,
pay_31A96D020BBD42,payment,0,143335,146799,INR,2936,528,0,1,1785168000,1785366000,setl_EFE4C2035A674E,pay_31A96D020BBD42,UTR912323536120,order_9E0EAC88872840,rcpt_3ee95a8463,netbanking,,,,
pay_631AD9E338C540,payment,0,1161336,1189406,INR,23788,4282,0,1,1784714400,1784916000,setl_7458F1AB9E2447,pay_631AD9E338C540,UTR478517853737,order_F0D106E6381F42,rcpt_f00a55ef07,card,RuPay,HDFC,debit,
pay_1571E33FDCCE44,payment,0,77983,79867,INR,1597,287,0,1,1784343600,1784523600,setl_2BED339E9C2B48,pay_1571E33FDCCE44,UTR676305643955,order_81C7DFCDE3BC4A,rcpt_fc7fd3c343,wallet,,,,
pay_0F45C8F6EC1A4D,payment,0,184332,188788,INR,3776,680,0,1,1784570400,1784782800,setl_A4A67F5DD08E4E,pay_0F45C8F6EC1A4D,UTR061187081634,order_EBE3A3EB90234A,rcpt_d6f49c4aba,card,MasterCard,ICIC,debit,
pay_D0EC9998E79A4B,payment,0,186500,191008,INR,3820,688,0,1,1785297600,1785488400,setl_555D16131E8C4E,pay_D0EC9998E79A4B,UTR998316332560,order_16B8BFF4F4D543,rcpt_6eeb9c5a54,card,MasterCard,HDFC,credit,
pay_8D7A2F6ECB384D,payment,0,1882142,1927635,INR,38553,6940,0,1,1783875600,1784073600,setl_455D3397B7A242,pay_8D7A2F6ECB384D,UTR160541465628,order_82C268D6656E4C,rcpt_1e1d22728d,upi,,,,
pay_2C764888944142,payment,0,99886,102300,INR,2046,368,0,1,1784970000,1785186000,setl_A12590E364114C,pay_2C764888944142,UTR436363733878,order_63B4C746A0BA4A,rcpt_549a715d61,card,Visa,UTIB,debit,
pay_6E506A18BF0147,payment,0,78157,80046,INR,1601,288,0,1,1785261600,1785477600,setl_555D16131E8C4E,pay_6E506A18BF0147,UTR457965315696,order_E230A56531584D,rcpt_e871dc1428,upi,,,,
pay_7307761081D74C,payment,0,3588150,3674878,INR,73498,13230,0,1,1786251600,1786449600,setl_1756E8E3D82840,pay_7307761081D74C,UTR078300980961,order_73E744B7D3974F,rcpt_5beb659e18,upi,,,,
pay_DA8BF585A68846,payment,0,250571,256628,INR,5133,924,0,1,1783209600,1783389600,setl_10183DCCE3B949,pay_DA8BF585A68846,UTR679700813124,order_DB994BF998E548,rcpt_07d79e3028,netbanking,,,,
pay_B013085DAC0D4F,payment,0,211377,216486,INR,4330,779,0,1,1786172400,1787122800,setl_0FE8ABDCCC0647,pay_B013085DAC0D4F,UTR599385096655,order_4A9E48977BBB4C,rcpt_1a8a21972c,card,Amex,KKBK,debit,
pay_4A5954777D9D44,payment,0,275204,281856,INR,5637,1015,0,1,1783350000,1783566000,setl_5223F6AD80A24C,pay_4A5954777D9D44,UTR773479776561,order_F96AFC8495C24D,rcpt_275eea3c6a,card,RuPay,UTIB,credit,
pay_220E802BAD4940,payment,0,214616,219803,INR,4396,791,0,1,1785780000,1786384800,setl_771746A59A394C,pay_220E802BAD4940,UTR746262449758,order_C6933C9106B846,rcpt_48f0e4e881,netbanking,,,,
pay_73DA1FDBE2EF42,payment,0,72789,74548,INR,1491,268,0,1,1783566000,1783749600,setl_AB36E391E9374B,pay_73DA1FDBE2EF42,UTR468779929196,order_E4CF84922B4E46,rcpt_08e3871431,upi,,,,
pay_4E21F42857A84E,payment,0,255715,261896,INR,5238,943,0,1,1786467600,1786665600,setl_7BCA560282254B,pay_4E21F42857A84E,UTR613683515315,order_184BD84280D144,rcpt_f15e5d7232,netbanking,,,,
pay_83465A6C857843,payment,0,248721,254733,INR,5095,917,0,1,1784516400,1784721600,setl_61442B0D09F247,pay_83465A6C857843,UTR533874208414,order_EA1150892D8443,rcpt_b6c987d46e,card,Amex,ICIC,credit,
pay_201A986B64D24F,payment,0,2196767,2249863,INR,44997,8099,0,1,1784138400,1784343600,setl_494FF39531404B,pay_201A986B64D24F,UTR813357478128,order_16181E56212049,rcpt_f4c1a1afd2,card,RuPay,SBIN,debit,
pay_9B79530B5A6446,payment,0,197793,202573,INR,4051,729,0,1,1785567600,1785772800,setl_B07E9972089140,pay_9B79530B5A6446,UTR636992579409,order_D27EDFB36BE242,rcpt_cf31832c07,upi,,,,
pay_D8808EC9640F4A,payment,0,100487,102915,INR,2058,370,0,1,1784304000,1784520000,setl_2BED339E9C2B48,pay_D8808EC9640F4A,UTR445808417166,order_0DB33BE29E324A,rcpt_c605a86dec,card,Amex,UTIB,debit,
pay_6CB245DA340B4C,payment,0,188531,193088,INR,3862,695,0,1,1784246400,1784444400,setl_EDF7BABA719741,pay_6CB245DA340B4C,UTR463587455364,order_E23513EE8CC84D,rcpt_8670761faf,card,MasterCard,HDFC,debit,
pay_6647791878FE42,payment,0,287482,294431,INR,5889,1060,0,1,1784156400,1784347200,setl_494FF39531404B,pay_6647791878FE42,UTR858957486526,order_D2C435A0864F4F,rcpt_16ef82891a,upi,,,,
pay_82F2B6ADE27E4F,payment,0,82244,84232,INR,1685,303,0,1,1784206800,1784386800,setl_494FF39531404B,pay_82F2B6ADE27E4F,UTR675168473402,order_775C82EF2ED94F,rcpt_c13fd61406,upi,,,,
pay_B4DD9F255FB44C,payment,0,123737,126728,INR,2535,456,0,1,1785171600,1785355200,setl_EFE4C2035A674E,pay_B4DD9F255FB44C,UTR321089168694,order_D6FC2D182C8549,rcpt_85453cc8bf,card,RuPay,KKBK,credit,
pay_DAA89617F03F49,payment,0,268108,274366,INR,5303,955,0,1,1784440800,1784656800,setl_2D9F9BB2F67141,pay_DAA89617F03F49,UTR790104188329,order_EF36428B6A8247,rcpt_115616ba6f,card,Amex,ICIC,debit,
pay_CAF906C09CFF48,payment,0,66355,67959,INR,1359,245,0,1,1786021200,1786204800,setl_F9016C0C79F348,pay_CAF906C09CFF48,UTR063340701754,order_C532950893F34B,rcpt_85629a2802,upi,,,,
pay_B0E897F6A3964A,payment,0,67490,69121,INR,1382,249,0,1,1786107600,1786298400,setl_7CCCC6597F4F45,pay_B0E897F6A3964A,UTR303873270441,order_EB214EF216F84B,rcpt_0e14486587,netbanking,,,,
pay_1FEB17BF748344,payment,0,32943,33739,INR,675,121,0,1,1783119600,1783328400,setl_3631ADE9199040,pay_1FEB17BF748344,UTR063394165524,order_11081A3173C848,rcpt_68e4af2814,upi,,,,
pay_0C9A341AA5194B,payment,0,249147,255169,INR,5103,919,0,1,1783076400,1783249200,setl_0A071D6AAAF242,pay_0C9A341AA5194B,UTR430531142336,order_CF6093AB0EDE4F,rcpt_aae330a2db,netbanking,,,,
pay_2868A7D0D80F49,payment,0,1391003,1424625,INR,28493,5129,0,1,1785898800,1786107600,setl_4513A215B40946,pay_2868A7D0D80F49,UTR531049580193,order_B0533C045B0045,rcpt_2ab83b8860,netbanking,,,,
pay_7F42CBC536AE43,payment,0,227479,232978,INR,4660,839,0,1,1783256400,1783461600,setl_10183DCCE3B949,pay_7F42CBC536AE43,UTR806116383582,order_9C76E896BF6E48,rcpt_a6c836e70d,card,RuPay,ICIC,debit,
pay_3D9BC30350B343,payment,0,169550,173648,INR,3473,625,0,1,1783231200,1783447200,setl_10183DCCE3B949,pay_3D9BC30350B343,UTR687299303363,order_6999C950E11148,rcpt_109d516ba7,card,Visa,ICIC,credit,
pay_9268F484EB584A,payment,0,51163,52400,INR,1048,189,0,1,1785639600,1785830400,setl_63C0BDAE754B4B,pay_9268F484EB584A,UTR717259584139,order_97B2570EFC5948,rcpt_da917ab054,card,MasterCard,KKBK,credit,
pay_052A15856C1A41,payment,0,1775059,1817963,INR,36359,6545,0,1,1786194000,1786410000,setl_1756E8E3D82840,pay_052A15856C1A41,UTR896077516118,order_A52F6693049542,rcpt_bc592ce3a4,card,MasterCard,SBIN,credit,
pay_1D845CE3DDAA41,payment,0,256997,263209,INR,5264,948,0,1,1783004400,1783180800,setl_9BDF020EC30B48,pay_1D845CE3DDAA41,UTR385505087822,order_1998D7E9AC3B46,rcpt_5cf07e1630,card,Amex,KKBK,credit,
pay_0EFD83A3C0FD42,payment,0,4469948,4577989,INR,91560,16481,0,1,1784566800,1784779200,setl_A4A67F5DD08E4E,pay_0EFD83A3C0FD42,UTR819312602598,order_31386FDD808E45,rcpt_2b2d69329c,wallet,,,,
pay_3D1433F1078A4A,payment,0,272071,278647,INR,5573,1003,0,1,1786626000,1786824000,setl_7EA2D34F2CF54D,pay_3D1433F1078A4A,UTR596298454950,order_B05A73D9F4D64F,rcpt_9458b31726,card,Amex,HDFC,credit,
pay_17A13BFFB8944E,payment,0,1492549,1528624,INR,30572,5503,0,1,1784746800,1784941200,setl_84271C1974A345,pay_17A13BFFB8944E,UTR261839575987,order_8E64BB10FE9441,rcpt_77a68d28f0,upi,,,,
pay_DD6FE66D3A5641,payment,0,1239710,1269674,INR,25393,4571,0,1,1784527200,1784732400,setl_61442B0D09F247,pay_DD6FE66D3A5641,UTR747316652042,order_138A66E5E47E41,rcpt_073f28d19d,upi,,,,
pay_72A18767520748,payment,0,257229,263671,INR,5459,983,0,1,1785758400,1785938400,setl_3986A7C3CB8B43,pay_72A18767520748,UTR185682022579,order_EB74B293E66747,rcpt_7565745070,card,MasterCard,SBIN,debit,
pay_E73438391FD048,payment,0,108674,111301,INR,2226,401,0,1,1783130400,1783735200,setl_AB36E391E9374B,pay_E73438391FD048,UTR694253151847,order_49C46B6EC9DC47,rcpt_b7f08952be,card,Visa,UTIB,credit,
pay_759896183B864C,payment,0,61945,63442,INR,1269,228,0,1,1783112400,1783317600,setl_3631ADE9199040,pay_759896183B864C,UTR128330230114,order_520AD0867F3E4D,rcpt_d64999d4f8,card,MasterCard,SBIN,credit,
pay_741787B4268449,payment,0,228792,234321,INR,4686,843,0,1,1783371600,1783587600,setl_5223F6AD80A24C,pay_741787B4268449,UTR281828441694,order_4BF62A448E664B,rcpt_81262fd84a,card,Amex,SBIN,debit,
pay_6F8BE1ADDE0E4B,payment,0,277359,284063,INR,5681,1023,0,1,1785693600,1786471200,setl_1756E8E3D82840,pay_6F8BE1ADDE0E4B,UTR501481333570,order_415D8132BC894A,rcpt_eaedad0556,card,RuPay,HDFC,credit,
pay_BEB12117F81F49,payment,0,100427,102854,INR,2057,370,0,1,1784836800,1785441600,setl_B8325289100045,pay_BEB12117F81F49,UTR474899136953,order_D4B1B275510C48,rcpt_98742f0fb8,upi,,,,
pay_113FA665C0464E,payment,0,161145,165040,INR,3301,594,0,1,1782986400,1783159200,setl_9BDF020EC30B48,pay_113FA665C0464E,UTR246707878494,order_6F2C5084C3804F,rcpt_295eb63c08,upi,,,,
pay_F88969A939F845,payment,0,37738,38650,INR,773,139,0,1,1785589200,1785776400,setl_B07E9972089140,pay_F88969A939F845,UTR074437672590,order_685BBAF5F5A44E,rcpt_b3f6c29969,wallet,,,,
pay_FA12057A60BC47,payment,0,18482,18929,INR,379,68,0,1,1784091600,1784278800,setl_98F450A7753344,pay_FA12057A60BC47,UTR574651847753,order_A2E26937518D45,rcpt_bf6a327eab,upi,,,,
pay_5F9813CEB53F4D,payment,0,39818,40781,INR,816,147,0,1,1786478400,1786687200,setl_7BCA560282254B,pay_5F9813CEB53F4D,UTR018660544336,order_B705CE65084D47,rcpt_94b212eb38,card,MasterCard,HDFC,debit,
pay_3379F3E2CF5B43,payment,0,127641,130727,INR,2615,471,0,1,1785826800,1785999600,setl_31338DAF247B41,pay_3379F3E2CF5B43,UTR573528682572,order_800886CD96E442,rcpt_22a5f91540,upi,,,,
pay_F437F5E313334C,payment,0,90684,92876,INR,1858,334,0,1,1786168800,1786370400,setl_771746A59A394C,pay_F437F5E313334C,UTR661988898335,order_865DB2F48B4C4F,rcpt_96102b4797,card,MasterCard,ICIC,credit,
pay_391EF92D93584A,payment,0,260359,266652,INR,5333,960,0,1,1783616400,1783821600,setl_7BCCFB39140247,pay_391EF92D93584A,UTR818273520275,order_2C253224BCE345,rcpt_0e9e23fa21,card,Visa,UTIB,credit,
pay_3E4932B72FFB45,payment,0,166581,170607,INR,3412,614,0,1,1785751200,1785934800,setl_3986A7C3CB8B43,pay_3E4932B72FFB45,UTR818772934401,order_7FD81C49D97741,rcpt_e9ef06539f,upi,,,,
pay_F0D4E3A73BCE4B,payment,0,135911,139196,INR,2784,501,0,1,1783324800,1783504800,setl_55F273DE6AD744,pay_F0D4E3A73BCE4B,UTR255333000144,order_EF5A7E2958B842,rcpt_79a608b2a7,upi,,,,
pay_844A1FC235844A,payment,0,267838,274311,INR,5486,987,0,1,1785549600,1785747600,setl_B07E9972089140,pay_844A1FC235844A,UTR340120116164,order_1AAA66066C4A44,rcpt_dbf7fef047,card,Visa,SBIN,credit,
pay_3D566058B20E49,payment,0,1416500,1450738,INR,29015,5223,0,1,1786460400,1786647600,setl_96EF7EDCC4D54C,pay_3D566058B20E49,UTR612994427719,order_FDFCB811BD5B4E,rcpt_fc8423ae38,upi,,,,
pay_86E69BE3256147,payment,0,196053,200792,INR,4016,723,0,1,1785056400,1785243600,setl_BFFA6CD4ADB047,pay_86E69BE3256147,UTR033372551046,order_41C00A8240D847,rcpt_495775e996,card,Amex,HDFC,debit,
pay_6AC7DF7E9F5B4B,payment,0,1048206,1073542,INR,21471,3865,0,1,1785877200,1786064400,setl_4513A215B40946,pay_6AC7DF7E9F5B4B,UTR773849063125,order_F16BEF398A9C4C,rcpt_39fd7053be,upi,,,,
pay_083AA48874E34A,payment,0,2116013,2167158,INR,43343,7802,0,1,1784606400,1784822400,setl_A4A67F5DD08E4E,pay_083AA48874E34A,UTR310187100429,order_897F80A8C9334D,rcpt_127011b974,card,RuPay,HDFC,debit,
pay_52FD30CCA05B40,payment,0,79134,81047,INR,1621,292,0,1,1786003200,1786201200,setl_F9016C0C79F348,pay_52FD30CCA05B40,UTR474730284776,order_77AE1BEBE3A546,rcpt_b86a8eba5d,wallet,,,,
